Address,Settlement
Kecskemét Izsáki út,Kecskemét
6. kerület Rippl-Rónai utca 38.,6. kerület
Debrecen Kossuth tér 1.,Debrecen
Mátészalka Bajcsy-Zsilinszky utca,Mátészalka
Tordas Dózsa György út 1.,Tordas
Tiszaújváros Mátyás király út,Tiszaújváros
12. kerület Zsámbéki utca 1.,12. kerület
Hajdúszoboszló Madách utca 7.,Hajdúszoboszló
Veszprém Török Ignác utca 6.,Veszprém
Vác Harkály utca,Vác
9. kerület Nádasdy utca 10.,9. kerület
Vác Deákvári főút,Vác
Ócsárd Petőfi utca 13.,Ócsárd
Kiskunhalas Kárpát utca,Kiskunhalas
Nyíregyháza Kalevala sétány,Nyíregyháza
Miskolc Arany János tér,Miskolc
Pákozd Kalász utca,Pákozd
Cegléd Kossuth Ferenc utca 28.,Cegléd
Kiskőrös Luther Márton tér,Kiskőrös
Eger Kodály Zoltán utca,Eger
14. kerület Telepes utca 113D,14. kerület
Kalocsa Gém utca,Kalocsa
3. kerület Jutas utca 9.,3. kerület
Mosonmagyaróvár Hubertusz utca 1.,Mosonmagyaróvár
11. kerület Egry József utca,11. kerület
8. kerület Szerdahelyi utca 14.,8. kerület
6. kerület Felső erdősor,6. kerület
Dombóvár Jókai utca 12.,Dombóvár
Debrecen Kakukk utca 5.,Debrecen
2. kerület Pasaréti út 145 II./3.,2. kerület
2. kerület Káplár utca 7.,2. kerület
Mosonmagyaróvár Tündérfátyol utca 2/A,Mosonmagyaróvár
Gyömrő Rákóczi utca,Gyömrő
23. kerület Haraszti út 48.,23. kerület
Sátoraljaújhely Révész utca 5.,Sátoraljaújhely
8. kerület Koszorú utca 24.,8. kerület
Győr Tábor utca 32-34,Győr
Szigetvár Kerecsényi utca,Szigetvár
Fancsal Rákóczi út 59.,Fancsal
Budakeszi Alvég,Budakeszi
Siófok Dózsa György utca 104.,Siófok
Miskolc Fényesvölgyi utca,Miskolc
Sajóbábony Erzsébet királyné út,Sajóbábony
Dunakeszi Ábrahám Pál utca,Dunakeszi
Debrecen Libakert utca,Debrecen
Vác Űrhajós utca,Vác
18. kerület Havanna utca 62.,18. kerület
3. kerület Bécsi út 314.,3. kerület
Sopron Mende Gusztáv utca 8.,Sopron
20. kerület Munkácsy Mihály utca,20. kerület
10. kerület Halom utca 16.,10. kerület
Keszthely Tompa Mihály utca,Keszthely
Balassagyarmat Mártírok útja 76.,Balassagyarmat
Pécs Bálicsi út 58.,Pécs
Miskolc Benedek Elek utca 35.,Miskolc
7. kerület Dob utca 103.,7. kerület
18. kerület Havanna utca 78.,18. kerület
7. kerület Akácfa utca 65.,7. kerület
Jászberény Szent István körút,Jászberény
Sopron Manninger utca,Sopron
Dorog Zsigmondy Vilmos lakótelep,Dorog
8. kerület Nap utca 23.,8. kerület
Csorna Kiscsorna,Csorna
Miskolc Melinda utca 3.,Miskolc
16. kerület Baross Gábor utca,16. kerület
4. kerület Baross utca 38.,4. kerület
Debrecen Békessy Béla utca 9.,Debrecen
17. kerület nincs megadva,17. kerület
20. kerület Ősz utca,20. kerület
Kaposvár Ezredév utca,Kaposvár
Szentlőrinc Kodolányi János utca 9.,Szentlőrinc
Debrecen Fejedelem utca,Debrecen
Tiszavasvári Kabay János utca 17/B 4/11,Tiszavasvári
3. kerület Bogdáni út 8/A,3. kerület
Velence Panoráma út 39.,Velence
3. kerület Szentendrei út 26.,3. kerület
Vác Rádi út,Vác
Szolnok Jósika utca,Szolnok
Szombathely Kassák Lajos utca 24. A/2.,Szombathely
Szeged Bihari utca,Szeged
Budakalász Kovács Lajos utca 4.,Budakalász
Dunaharaszti Somogyváry Gyula utca,Dunaharaszti
3. kerület Fehéregyházi út 3.,3. kerület
Ópusztaszer Komócsin Zoltán utca 25.,Ópusztaszer
2. kerület Gyergyó utca 5.,2. kerület
Budakalász Kőbányai út 27.,Budakalász
Múcsony Népkert út 16 3/1,Múcsony
Szigetszentmiklós Leadó utca,Szigetszentmiklós
Zirc Kossuth Lajos utca,Zirc
Tatabánya Cseri utca,Tatabánya
Székesfehérvár Tolnai utca 46.,Székesfehérvár
Balatonmáriafürdő Somogy megye,Balatonmáriafürdő
10. kerület Csombor utca,10. kerület
Fábiánsebestyén Kinizsi utca,Fábiánsebestyén
Kondoros Dózsa György utca,Kondoros
Szeged Katalin utca 50.,Szeged
11. kerület Tippan utca 2.,11. kerület
Ádánd Csapody Pál utca 12.,Ádánd
Miskolc Bajcsy-Zsilinszky út 48.,Miskolc
5. kerület Falk Miksa utca 28.,5. kerület
Tiszalök Kossuth utca,Tiszalök
Kecskemét Forrás utca,Kecskemét
5. kerület Hercegprímás utca 17.,5. kerület
Zirc Deák Ferenc utca 2.,Zirc
Balatonlelle Móló sétány 2.,Balatonlelle
Siófok Új Piac tér,Siófok
Budakalász Bimbó utca,Budakalász
Dorogháza Rákóczi út,Dorog
12. kerület Istenhegyi út 99.,12. kerület
Tiborszállás Kossuth utca,Tiborszállás
Barcs Kodály Zoltán utca,Barcs
Perőcsény Rákóczi utca,Perőcsény
Székesfehérvár Kodolányi János utca,Székesfehérvár
Miskolc Szentgyörgy út 53.,Miskolc
4. kerület Hajló utca 11.,4. kerület
Kecskemét Kárpát utca,Kecskemét
Nyergesújfalu Kossuth Lajos utca,Nyergesújfalu
Miskolc Nyíri Dániel utca,Miskolc
6. kerület Székely Mihály utca 3.,6. kerület
Vác Cházár András utca,Vác
Dunakeszi Kavics utca,Dunakeszi
Kecskemét Máriaváros,Kecskemét
Baktalórántháza Kossuth Lajos utca,Baktalórántháza
Létavértes Szabadságharcos utca 8.,Létavértes
Békéscsaba Lázár utca,Békéscsaba
2. kerület Garas utca,2. kerület
Nagyatád Kiszely László utca,Nagyatád
Mosonmagyaróvár Kossuth Lajos utca 45.,Mosonmagyaróvár
Berettyóújfalu Tárogató utca 12.,Berettyóújfalu
Debrecen Barna utca 13.,Debrecen
Győr Szőnyi Márton utca 25.,Győr
Verpelét Ifjúság út,Verpelét
Eger Cifrakapu utca,Eger
15. kerület Nyírpalota út 24-36,15. kerület
Kőszeg Temető utca,Kőszeg
Pécs Felsőmalom utca 1.,Pécs
Tiszafüred Húszöles út 47.,Tiszafüred
6. kerület Benczúr utca 1.,6. kerület
Szeged Feketesas utca,Szeged
Ercsi Kodály Zoltán utca,Ercsi
Szeged Alsó Kikötő sor,Szeged
Nagytarcsa Bartók Béla utca,Nagytarcsa
Kisújszállás Csorbai út,Kisújszállás
Füzesabony Belváros,Füzesabony
7. kerület István utca 44.,7. kerület
Szabadkígyós Ókígyósi út 89.,Szabadkígyós
Mátészalka Szokolay Őrs utca,Mátészalka
2. kerület Margit körút 39.,2. kerület
Cserkeszőlő Iskola út,Cserkeszőlő
Miskolc Csaba vezér út 89/3,Miskolc
Putnok Mátyás király tér,Putnok
Miskolc Laborfalvi Róza utca,Miskolc
9. kerület Lobogó utca 3.,9. kerület
Győr Szent István út 35-37.,Győr
Mosonmagyaróvár Cseresznyés utca,Mosonmagyaróvár
4. kerület Virág utca 17.,4. kerület
Szolnok Szapáry utca,Szolnok
Kecskemét Sétatér utca 2.,Kecskemét
20. kerület Csokonai utca,20. kerület
Debrecen Dózsa György utca,Debrecen
Szeged Sárosi utca,Szeged
Győr József Attila utca 4.,Győr
11. kerület Bercsényi utca 26.,11. kerület
Ózd Bolyki főút 20.,Ózd
Esztergom Rudinai Molnár István utca 5.,Esztergom
Visegrád Fő utca 137.,Visegrád
8. kerület Strázsa köz,8. kerület
Szentes Bacsó Béla utca 19/B,Szentes
13. kerület Vág utca 2/b,13. kerület
15. kerület Bethlen Gábor utca 8.,15. kerület
2. kerület Csalán út,2. kerület
Esztergom Kovácsi,Esztergom
14. kerület Ilka utca 8.,14. kerület
Tolna Bajcsy-Zsilinszky utca 73.,Tolna
Veresegyház Szent Erzsébet körút,Veresegyház
11. kerület Zenta utca,11. kerület
23. kerület Fűzfa köz,23. kerület
21. kerület Kőrösi Sándor utca 22.,21. kerület
Balkány Ibolya utca 22.,Balkány
Albertirsa Madách utca 5.,Albertirsa
8. kerület Üllői út 60.,8. kerület
Tatabánya Ifjúság út 52.,Tatabánya
13. kerület Róbert Károly körút 14.,13. kerület
Szeged Hajnóczy utca 18.,Szeged
Kiskunhalas Kossuth utca 49.,Kiskunhalas
Nyíregyháza Kert utca 42.,Nyíregyháza
Keszthely Balogh Ferenc utca 7.,Keszthely
9. kerület Ráday utca 18.,9. kerület
Pusztaszer Árpád utca,Pusztaszer
6. kerület Ó utca 11.,6. kerület
13. kerület Tutaj utca,13. kerület
Petőfibánya Lehel utca,Petőfibánya
Eger I. sz. lakótelep utca 4. B,Eger
7. kerület Damjanich utca 33.,7. kerület
17. kerület Nagyszékes utca 13.,17. kerület
Siófok Enyingi utca 6.,Siófok
Gyula Lahner György utca,Gyula
7. kerület Holló utca 8.,7. kerület
Abasár Heves megye,Abasár
3. kerület Kossuth Lajos üdülőpart,3. kerület
Kerepes Bajcsy-Zsilinszky utca,Kerepes
18. kerület Kisfaludy utca,18. kerület
Szigetszentmiklós II. Rákóczi Ferenc utca,Szigetszentmiklós
18. kerület Mikszáth Kálmán utca 2/b,18. kerület
14. kerület Örs vezér tere,14. kerület
8. kerület Kőfaragó utca 8.,8. kerület
Egerszalók Széchenyi István út 51.,Eger
11. kerület Péterhegyi út,11. kerület
7. kerület Akácfa utca 41.,7. kerület
Lovászi Zala megye,Lovászi
Nagyatád Koch Róbert utca,Nagyatád
Százhalombatta Kodály Zoltán sétány 8.,Százhalombatta
7. kerület Rákóczi út 74-76.,7. kerület
Tolna Alkotmány utca 21.,Tolna
14. kerület Bonyhádi út 114.,14. kerület
Mosonmagyaróvár Bartók Béla utca 1.,Mosonmagyaróvár
Ercsi Savanyúrét,Ercsi
Tárnok Ilona utca 11.,Tárnok
Szeged Gedó,Szeged
14. kerület Zoborhegy utca,14. kerület
4. kerület Garay utca,4. kerület
Miskolc Csaba vezér út,Miskolc
12. kerület Rőzse utca 17.,12. kerület
Debrecen Iparkamara utca,Debrecen
Pécs Csillag utca 16/2,Pécs
Szigetvár Rákóczi utca,Szigetvár
Szigetvár Kossuth Lajos tér,Szigetvár
Pécs Semmelweis utca 4. fsz.,Pécs
15. kerület Nyírpalota út 61.,15. kerület
Győr Márvány utca,Győr
Szeged Nyíl utca,Szeged
Pécs Péchy Blanka tér 2.,Pécs
Dunaújváros Liszt Ferenc kert,Dunaújváros
Kaposvár Honvéd utca 6/a,Kaposvár
7. kerület Munkás utca 7.,7. kerület
Gyula Rulikowski utca,Gyula
Kecskemét Szüret utca,Kecskemét
Zádorfalva Szabadság út,Zádorfalva
1. kerület Hattyú utca 17/a,1. kerület
Siklós Iskola utca 22/b,Siklós
Sárospatak Eötvös út 8.,Sárospatak
Bonyhád Fáy lakótelep,Bonyhád
Orosháza Dr. László Elek lakótelep 5/A,Orosháza
Szeged Budapesti körút 28/a,Szeged
Szerencs Rákóczi út 135.,Szerencs
5. kerület Váci utca 7.,5. kerület
6. kerület Andrássy út 46.,6. kerület
Kiskunhalas Nagy Szeder István utca 17.,Kiskunhalas
14. kerület Cinkotai út 126.,14. kerület
11. kerület Kakukkhegyi út 19.,11. kerület
Tata Baji út 53.,Tata
Füzesabony Egyetértés út 1/A Fsz-6,Füzesabony
Százhalombatta Déli lakótelep,Százhalombatta
Fonyód Fő utca,Fonyód
Vecsés Falu,Vecsés
Szentendre Hamvas Béla utca 36.,Szentendre
19. kerület Pannónia út 41.,19. kerület
Nyíregyháza Csongor lakópark 11.,Nyíregyháza
4. kerület Berda József utca 42.,4. kerület
9. kerület Bakáts tér 8.,9. kerület
Alcsútdoboz Göböljárás,Alcsútdoboz
8. kerület József körút 78.,8. kerület
Tatabánya Panoráma lakópark,Tatabánya
Hajdúszoboszló Bánomkerti út 6.,Hajdúszoboszló
3. kerület Föld utca,3. kerület
Székesfehérvár Gerle utca,Székesfehérvár
Pécs Cserfa utca,Pécs
Kaposvár Petőfi utca 66.,Kaposvár
Szentlőrinc Ybl Miklós utca,Szentlőrinc
Pécs Dobó István utca,Pécs
18. kerület Gölle utca,18. kerület
Zamárdi Rózsa utca 58.,Zamárdi
Hódmezővásárhely Szabadság tér,Hódmezővásárhely
Tát Zóla Emil fasor,Tát
3. kerület Zápor utca 4.,3. kerület
Ajka Csingeri út,Ajka
Gyomaendrőd Bajcsy-Zsilinszky út,Gyomaendrőd
12. kerület Kakukkhegyi út,12. kerület
Győr Tatai út 4.,Győr
5. kerület Haris köz 6.,5. kerület
Eger Balassi Bálint utca,Eger
Oroszlány Dózsa György utca,Oroszlány
Eger Kallómalom utca 5.,Eger
5. kerület Váci utca 17.,5. kerület
Pomáz Mogyoró utca,Pomáz
11. kerület Hauszmann Alajos utca,11. kerület
Szeged Püspök utca 9.,Szeged
Putnok Táncsics Mihály út,Putnok
13. kerület Csángó utca 6/A,13. kerület
Szekszárd Szent István tér 18.,Szekszárd
12. kerület Jagelló út,12. kerület
17. kerület Liget sor,17. kerület
Hermánszeg Hősök útja 6.,Hermánszeg
Tököl Papkert,Tököl
Debrecen Vígkedvű Mihály utca,Debrecen
Dunaharaszti Bábakalács utca 13.,Dunaharaszti
Kiskunfélegyháza Kalmár József utca,Kiskunfélegyháza
Hajdúböszörmény Korpona utca 4.,Hajdúböszörmény
Balatonakali Veszprém megye,Balatonakali
2. kerület Csibor utca,2. kerület
6. kerület Dohnányi Ernő utca,6. kerület
16. kerület Nonn János utca 5.,16. kerület
Gyöngyös Kócsag utca,Gyöngyös
Miskolc Hajós Alfréd utca 34.,Miskolc
Hajdúnánás Árpád utca,Hajdúnánás
Nyíregyháza Kállói út,Nyíregyháza
Sátoraljaújhely Esze Tamás utca 31. I/4,Sátoraljaújhely
Hévíz Zrínyi utca,Hévíz
Hajmáskér Jókai Mór lakótelep 2.,Hajmáskér
Kecskemét Faragó Béla fasor 1.,Kecskemét
10. kerület Salgótarjáni utca 57.,10. kerület
9. kerület Mester utca 5.,9. kerület
Kaposvár Csokonai Vitéz Mihály utca,Kaposvár
Babosdöbréte Dózsa György utca 4.,Babosdöbréte
14. kerület Dózsa György út 17.,14. kerület
7. kerület Tivadar utca 2.,7. kerület
Kismaros Ady Endre út 4.,Kismaros
Pécs Zidina,Pécs
Szeged Vadaspark lakópark,Szeged
Győr Illyés Gyula utca,Győr
Szombathely Mártírok tere 5/c,Szombathely
Szombathely Bem József utca 8.,Szombathely
Pécs Kolozsvár utca 22.,Pécs
Aszaló Honvéd út,Aszaló
Nagykálló Árpád utca 10.,Nagykálló
10. kerület Gergely utca 53.,10. kerület
Nyírbátor Krúdy Gyula utca,Nyírbátor
15. kerület Kozák tér,15. kerület
5. kerület Széchenyi rakpart,5. kerület
Dunaharaszti Bezerédi utca,Dunaharaszti
Miskolc Vörösmarty Mihály utca 9.,Miskolc
Szeged Vadász utca,Szeged
Szeged Közép fasor,Szeged
Fehérgyarmat Kossuth tér,Fehérgyarmat
5. kerület Nagysándor József utca,5. kerület
2. kerület Fenyves utca,2. kerület
Győr Szigetvári út,Győr
Békés Békés megye,Békés
6. kerület Paulay Ede utca 47.,6. kerület
10. kerület Gergely utca 102.,10. kerület
9. kerület Ferenc körút 17.,9. kerület
Eger Iskola utca 1-3,Eger
Pécs Édesanyák útja,Pécs
10. kerület Gergely utca 118.,10. kerület
Százhalombatta Bláthy Ottó utca,Százhalombatta
Mátraderecske Petőfi Sándor út,Mátraderecske
12. kerület Dolgos utca,12. kerület
Törökbálint Tükörhegy,Törökbálint
6. kerület Nagymező utca 41.,6. kerület
Pápa Gróf út,Pápa
5. kerület Kossuth Lajos utca 8.,5. kerület
Solymár Mátyás király utca,Solymár
21. kerület nincs megadva,21. kerület
9. kerület Mester utca 40-44.,9. kerület
Debrecen Epreskert utca 1.,Debrecen
Miskolc Áfonyás utca 15-19,Miskolc
Mosonmagyaróvár Erzsébet királyné út 36.,Mosonmagyaróvár
Hajdúszoboszló Kossuth utca 33.,Hajdúszoboszló
Komló Alkotmány utca 41.,Komló
Sopron Ösvény utca,Sopron
Martfű Piac tér 5.,Martfű
4. kerület Gémes József utca 12.,4. kerület
Győr Szent Imre út 14.,Győr
3. kerület Ürömi út 17.,3. kerület
Pécs Szigeti út 57.,Pécs
Nyíregyháza Vasvári Pál utca 77.,Nyíregyháza
Vác Báthori Miklós utca,Vác
7. kerület Százház utca 29-37,7. kerület
7. kerület Hernád utca 25.,7. kerület
3. kerület Lángliliom utca 2.,3. kerület
3. kerület Zsófia utca,3. kerület
Tata Naplókert utca,Tata
Őriszentpéter Alszer,Őriszentpéter
Hajdúnánás Bocskai utca 63-65,Hajdúnánás
Nyíregyháza Virág utca 22.,Nyíregyháza
Keszthely Tessedik Sámuel utca,Keszthely
Dunakeszi Barátság útja 30.,Dunakeszi
Miskolc Szeder utca,Miskolc
Debrecen Egyetem sugárút 45.,Debrecen
Körösszegapáti Béke utca,Körösszegapáti
Tiszabercel Bessenyei utca 14.,Tiszabercel
Debrecen Nagyerdei körút,Debrecen
6. kerület Vörösmarty utca 33.,6. kerület
Pásztó Nagymező utca,Pásztó
4. kerület Nyár utca 53.,4. kerület
Mosonmagyaróvár Károly út 67.,Mosonmagyaróvár
Tatabánya Erdész utca,Tatabánya
6. kerület Jókai utca 1.,6. kerület
2. kerület Lívia utca,2. kerület
5. kerület Nádor utca 5.,5. kerület
Nagykőrös Belváros,Nagykőrös
Biatorbágy Viadukt lakópark,Biatorbágy
Körösladány Esze Tamás utca 9.,Körösladány
Gyöngyös Kossuth Lajos utca 20/3.,Gyöngyös
Székesfehérvár Koronázó tér,Székesfehérvár
14. kerület Pancsova utca,14. kerület
9. kerület Toronyház utca,9. kerület
17. kerület Uszoda utca 1/a,17. kerület
Mezőtúr Belváros,Mezőtúr
9. kerület Vendel utca,9. kerület
Pécs Könyök utca 6.,Pécs
Balatonföldvár Dobó Katica utca,Balatonföldvár
Békés Karacs Teréz utca,Békés
Hajdúböszörmény Kisböszörmény,Hajdúböszörmény
15. kerület Kontyfa utca,15. kerület
Szolnok Sajtó utca,Szolnok
Debrecen Olajfa lakópark,Debrecen
Siófok Kossuth Lajos utca,Siófok
Napkor Füveskert utca 15.,Napkor
15. kerület Páskomliget utca 6.,15. kerület
Vác Kálvin János utca 8.,Vác
Oroszlány Tópart utca 8.,Oroszlány
Múcsony Fő út,Múcsony
Nagykőrös Ceglédi út 14.,Nagykőrös
Mosonmagyaróvár Palánk utca,Mosonmagyaróvár
11. kerület Makó Pál utca 1.,11. kerület
Abda Radnóti lakótelep,Abda
Nagykőrös Ceglédi út 16.,Nagykőrös
Gyömrő Klotildtelep,Gyömrő
Szigethalom Központ,Szigethalom
Keszthely Tapolcai út,Keszthely
Borsodnádasd Borsod-Abaúj-Zemplén megye,Borsodnádasd
13. kerület Násznagy utca,13. kerület
2. kerület Hegyi utca,2. kerület
Nyíregyháza Aranykalász sor 49.,Nyíregyháza
Nagyatád Honvéd köz 16.,Nagyatád
Kecskemét Jókai utca 31.,Kecskemét
Ágfalva Lépesfalvi utca,Ágfalva
Komárom Mártírok útja,Komárom
Székesfehérvár Zámoly utca,Székesfehérvár
Cegléd Csákány utca 18.,Cegléd
Dunakeszi Dr. Bayer Emil utca,Dunakeszi
Debrecen Liget lakópark,Debrecen
Kazincbarcika Május 1. út 19.,Kazincbarcika
Miskolc Malomszög utca,Miskolc
9. kerület Egyetértés utca,9. kerület
8. kerület Homok utca,8. kerület
Szeged Gát utca,Szeged
Kiskunhalas Pozsony utca,Kiskunhalas
Fertőd Eszterháza,Fertőd
Sajóörös Bocskai út,Sajóörös
11. kerület Edömér utca,11. kerület
Sajószentpéter Péch Antal utca 2.,Sajószentpéter
1. kerület Antal utca,1. kerület
Marcali Múzeum köz,Marcali
13. kerület Gogol utca 15.,13. kerület
Győr Ménfő,Győr
10. kerület Jegenye utca,10. kerület
Debrecen Haláp utca,Debrecen
11. kerület Vásárhelyi Pál utca 10.,11. kerület
5. kerület Kálmán Imre utca 17.,5. kerület
Nagyatád Kiszely László utca 1/A,Nagyatád
Zalaegerszeg Kertváros,Zalaegerszeg
22. kerület Tóth József utca 33.,22. kerület
Nyíregyháza Széchenyi utca,Nyíregyháza
Kecskemét Temes tér,Kecskemét
9. kerület Soroksári út 51.,9. kerület
Pilisborosjenő Pest megye,Pilisborosjenő
Tapolca Berzsenyi Dániel utca,Tapolca
Szolnok Ady Endre út 18.,Szolnok
Keszthely Galamb utca,Keszthely
Ózd Bolyki főút 23/A,Ózd
11. kerület Felsőhatár utca 2/C,11. kerület
Makó József Attila utca,Makó
Hévíz Honvéd utca 23.,Hévíz
Sopron Újteleki külváros,Sopron
4. kerület Mátyás tér,4. kerület
4. kerület Mátyás tér 3.,4. kerület
Balatonboglár Alkotás utca,Balatonboglár
1. kerület Csónak utca,1. kerület
14. kerület Táborhely utca,14. kerület
Sopron Orsolya tér 1.,Sopron
Szentlőrinc Liszt Ferenc utca,Szentlőrinc
Elek Béke utca 3.,Elek
17. kerület Szigetcsép utca,17. kerület
13. kerület Visegrádi utca 109.,13. kerület
Pécs Zsolnay Vilmos utca 117.,Pécs
14. kerület Örs vezér útja,14. kerület
Székesfehérvár Várkörút 20.,Székesfehérvár
Zákányszék Csongrád megye,Zákányszék
Berettyóújfalu Bessenyei lakótelep,Berettyóújfalu
Siklós Sallai utca,Siklós
10. kerület Gépmadár utca 3.,10. kerület
6. kerület Csengery utca 61.,6. kerület
11. kerület Madárhegy utca,11. kerület
Győr Kővirág utca 5.,Győr
Gyál Gyálliget,Gyál
7. kerület Király utca 21.,7. kerület
Siófok Fő tér 10.,Siófok
Budakeszi Miller János utca 1.,Budakeszi
15. kerület Késmárk utca 30.,15. kerület
Dunakeszi Dr. Brusznyai Árpád utca,Dunakeszi
Bazsi Jókai utca 3.,Bazsi
Sopron Balfi út 12.,Sopron
Esztergom Béke tér,Esztergom
8. kerület Szörény utca,8. kerület
Nyíregyháza Bocskai utca 12.,Nyíregyháza
Kecskemét Árpád körút 18.,Kecskemét
Téglás Dózsa György utca,Téglás
21. kerület Szabó köz,21. kerület
Hajdúböszörmény Weszprémy Gáspár utca,Hajdúböszörmény
Kecskemét Nyíri út 2/A,Kecskemét
Hévíz Semmelweis utca,Hévíz
Szeged Eötvös utca 1.,Szeged
3. kerület Bécsi út 115.,3. kerület
Kaposszekcső Liget lakótelep 4b,Kaposszekcső
7. kerület Rózsa utca 21.,7. kerület
15. kerület Illyés Gyula utca 12-16.,15. kerület
17. kerület Egészségház utca 24-38.,17. kerület
Siófok Szent László utca 187/b,Siófok
Debrecen Holló János utca 7.,Debrecen
Erdőkertes Banka utca 10.,Erdőkertes
Erdőkertes Johanna utca 18.,Erdőkertes
Győr Batthyány tér 13.,Győr
Sátoraljaújhely Révész utca 12.,Sátoraljaújhely
Döbrököz Homokhegy utca,Döbrököz
Nyíregyháza Fazekas János tér 9.,Nyíregyháza
Szerencs Kossuth Lajos utca 19.,Szerencs
10. kerület Kőbányai út 45.,10. kerület
Kisújszállás Apaffi utca,Kisújszállás
Ásotthalom Csongrád megye,Ásotthalom
Pécs Ifjúság útja 5/A,Pécs
Baja Klapka György utca,Baja
Debrecen Derék utca 109.,Debrecen
2. kerület Felhévízi utca,2. kerület
Kunpeszér Arany János utca 6.,Kunpeszér
Balatonalmádi Kazinczy utca 10/2a,Balatonalmádi
Miskolc Láditelepi út 17.,Miskolc
Zamárdi Dessewffy utca 28.,Zamárdi
Miskolc Baross Gábor út 14.,Miskolc
Pacsa Zala megye,Pacsa
Sátoraljaújhely Borsod-Abaúj-Zemplén megye,Sátoraljaújhely
Debrecen Ipoly utca,Debrecen
Zsámbék Pest megye,Zsámbék
Szeged Hajós utca 12.,Szeged
Hollóháza Borsod-Abaúj-Zemplén megye,Hollóháza
Szeged Dorozsmai út 71.,Szeged
Esztergom Bánomi lakótelep 37.,Esztergom
3. kerület Lajos utca 99.,3. kerület
Heves Zrínyi Miklós utca 2/a,Heves
2. kerület Marczibányi tér 9.a,2. kerület
10. kerület Salgótarjáni utca 41.,10. kerület
Bükkaranyos Dózsa György út 8.,Bük
13. kerület Carl Lutz rakpart,13. kerület
Bicske József Attila utca,Bicske
Szeged Csaplár Benedek utca,Szeged
Sopron Teleki Pál út 18.,Sopron
Debrecen Karacs Ferenc utca,Debrecen
1. kerület Batthyány utca 24.,1. kerület
Biatorbágy Tas utca,Biatorbágy
Kiskunhalas Sóstó,Kiskunhalas
Pécs Bessenyei utca 10.,Pécs
13. kerület Váci út 64.,13. kerület
1. kerület Király lépcső,1. kerület
Pécs Rodostó utca,Pécs
9. kerület Hentes utca,9. kerület
14. kerület Csertő park 4.,14. kerület
23. kerület Grassalkovich út,23. kerület
11. kerület Bartók Béla út 124.,11. kerület
Szentes Kossuth Lajos utca 26.,Szentes
Ózd Táncsics telep 2.,Ózd
14. kerület Szatmár utca,14. kerület
Szolnok Vegyiművek lakótelep 9.,Szolnok
Kecskemét Vajdahunyad utca 1.,Kecskemét
Nagykálló Széchenyi út 61.,Nagykálló
Kaposvár Petőfi tér,Kaposvár
Sopron Baross út 3.,Sopron
Buják Bem József utca 3.,Buj
5. kerület Falk Miksa utca 7.,5. kerület
2. kerület Margit körút 1.,2. kerület
Herceghalom Sándor udvar,Herceghalom
15. kerület Vasgolyó utca,15. kerület
Zamárdi Rózsa utca,Zamárdi
Martfű Szolnoki út 87.,Martfű
Dunaújváros Vörösmarty Mihály utca,Dunaújváros
Pilisvörösvár Klapka utca,Pilisvörösvár
Győr Major utca,Győr
Kishartyán Dózsa út 8.,Kishartyán
Százhalombatta Kodály Zoltán sétány,Százhalombatta
Miskolc Arany János tér 1.,Miskolc
Ócsa Pest megye,Ócsa
Ózd Borsod-Abaúj-Zemplén megye,Ózd
10. kerület Kada köz,10. kerület
Tokod Vájár utca,Tokod
Kaposvár Kaposi Mór utca,Kaposvár
Nyergesújfalu Idom utca,Nyergesújfalu
Székesfehérvár Campus Sétány,Székesfehérvár
Kecskemét Akácfa utca,Kecskemét
13. kerület Reitter Ferenc utca 106.,13. kerület
Veszprém Szérűskert utca,Veszprém
16. kerület Egyenes utca,16. kerület
6. kerület Andrássy út 53.,6. kerület
13. kerület Vizafogó utca,13. kerület
14. kerület Handzsár utca,14. kerület
Debrecen Varga utca 45.,Debrecen
Sopron Mátyás király utca,Sopron
Bazsi Petőfi utca 43.,Bazsi
Pécs Zsolnaynegyed,Pécs
4. kerület Julianus ház,4. kerület
Szombathely Juhász Gyula utca 9.,Szombathely
12. kerület Határőr út 21/B,12. kerület
9. kerület Mester utca 15.,9. kerület
Eger Klapka György utca,Eger
Mátranovák Nógrád megye,Mátranovák
Kaposvár Irányi Dániel utca 5.,Kaposvár
Pécel Maglódi út,Pécel
20. kerület Helsinki út 10.,20. kerület
13. kerület Kárpát utca 35.,13. kerület
Győr Hédervári út,Győr
Dunaújváros Derkovits utca,Dunaújváros
22. kerület Gyümölcs utca,22. kerület
Pécs Zsolnay Vilmos utca,Pécs
Hévíz Kölcsey Ferenc utca,Hévíz
Kecskemét Zászló utca,Kecskemét
Szeged Agyagos utca,Szeged
Szeged Szentháromság utca 75.,Szeged
16. kerület Szent Imre utca,16. kerület
Eger Pásztorvölgy utca,Eger
Balatonfűzfő Rákóczi utca,Balatonfűzfő
Szerencs Rákóczi út,Szerencs
Bagamér Kinizsi utca 5.,Bagamér
Balatonalmádi Veszprémi út,Balatonalmádi
Eger Pásztorvölgy utca 20.,Eger
Tök Fő utca 25.,Tök
Siófok Vámház utca 4b,Siófok
Miskolc Bocskai István utca 1/B,Miskolc
6. kerület Nagymező utca 37-39,6. kerület
Szeged Baktó,Szeged
Budakeszi Fő utca 154.,Budakeszi
Győr Új élet út,Győr
Pécs Aranyhegy,Pécs
Kecskemét Küküllő utca,Kecskemét
14. kerület Zsigárd utca,14. kerület
Dunakeszi Pejachevich Albert utca,Dunakeszi
Dunakeszi Szent László utca 3.,Dunakeszi
Szekszárd Hunyadi utca 10.,Szekszárd
1. kerület Bérc utca 12.,1. kerület
Győr Nagyhegy,Győr
Csongrád Fő utca,Csongrád
13. kerület Szent László út 102.,13. kerület
7. kerület Wesselényi utca 56.,7. kerület
18. kerület Csörgőfa utca 2.,18. kerület
Kőszeg Rohonci utca 42.,Kőszeg
Debrecen Fényes udvar 10.,Debrecen
Oroszlány Bánki Donát utca,Oroszlány
Gödöllő Alvég,Gödöllő
Tata Bacsó Béla utca,Tata
Szeged Földváry utca,Szeged
7. kerület Thököly út 30.,7. kerület
Salgótarján Alagút utca,Salgótarján
Szeged Egyetem utca,Szeged
Ócsárd Kossuth utca 45.,Ócsárd
Püspökladány Honvéd utca 3-5,Püspökladány
Kaposvár Teleki utca 13.,Kaposvár
Szombathely Széll Kálmán utca 22.,Szombathely
18. kerület Halomi út 63-65,18. kerület
Barcs Bajcsy-Zsilinszky utca 25.,Barcs
Salgótarján Dobó Katica út,Salgótarján
Kiskunmajsa Zrínyi Miklós utca 19.,Kiskunmajsa
Solymár Váci Mihály utca 12.,Solymár
11. kerület Hosszúréti utca 25.,11. kerület
Debrecen Hajdú köz 5.,Debrecen
Lajosmizse Dózsa György út,Lajosmizse
Balatonalmádi Rákóczi Ferenc utca 37.,Balatonalmádi
4. kerület Árpád út 155.,4. kerület
Nagyhuta Petőfi Sándor utca 14/a,Nagyhuta
Maglód Lövéte utca,Maglód
Sárospatak Kinizsi Pál utca,Sárospatak
Keszthely Vak Bottyán utca,Keszthely
Nyíregyháza Kiss Ernő utca 30/A,Nyíregyháza
Véménd Alkotmány utca 13.,Véménd
Kóny Győr-Moson-Sopron megye,Kóny
13. kerület Lőportár utca 20/B,13. kerület
3. kerület Sarkadi Imre utca 8.,3. kerület
20. kerület Teremszeg utca,20. kerület
Kővágószőlős Baranya megye,Kővágószőlős
Miskolc Szentpéteri kapu 70.,Miskolc
21. kerület Jupiter utca,21. kerület
Szigetszentmárton Május 1. utca 7.,Szigetszentmárton
Nyíregyháza Búza tér 7.,Nyíregyháza
Szigetszentmiklós Ifjúság útja 2.,Szigetszentmiklós
Tatabánya Szende Lajos utca 6.,Tatabánya
Celldömölk Kodály Zoltán utca 2.,Celldömölk
Békéscsaba Wlassics sétány,Békéscsaba
Kalocsa Ecetgyár utca 35.,Kalocsa
Szigethalom Fogoly utca,Szigethalom
Nagykáta Pest megye,Nagykáta
Szentendre Méhész utca,Szentendre
Balassagyarmat Kossuth Lajos utca 68.,Balassagyarmat
Győr Bercsényi liget 35.,Győr
Harkány Liszt Ferenc tér,Harkány
Kőszeg Gyöngyös utca,Kőszeg
Pápa Gyimóti út,Pápa
3. kerület Bécsi út 223.,3. kerület
Mezőkövesd Móra Ferenc utca,Mezőkövesd
Cegléd Kertész utca 19.,Cegléd
5. kerület Múzeum körút 2.,5. kerület
8. kerület József körút 33.,8. kerület
20. kerület Dobos utca,20. kerület
Nyíregyháza Arany János utca 34.,Nyíregyháza
Debrecen Gyimes utca,Debrecen
7. kerület Péterfy Sándor utca 51.,7. kerület
Debrecen József Attila-telep,Debrecen
Nyíregyháza Etel köz,Nyíregyháza
Debrecen Bem tér 10/A,Debrecen
Szabadszállás Mátyás király tér 4.,Szabadszállás
Mezőkövesd Móra Ferenc utca 3.,Mezőkövesd
14. kerület Almádi utca,14. kerület
14. kerület Törökőr – Pillangó utcai lakótelep,14. kerület
Gyula Rulikowski utca 17.,Gyula
Dunakeszi Mansfeld Péter utca 10.,Dunakeszi
6. kerület Székely Bertalan utca 5.,6. kerület
Salgótarján Bem utca 10.,Salgótarján
14. kerület Laky Adolf utca 60.,14. kerület
7. kerület Dohány utca 22.,7. kerület
Balatonboglár Nefelejcs utca,Balatonboglár
Ajka Kandó Kálmán lakótelep,Ajka
Szeged Kiss Ernő utca,Szeged
Gyomaendrőd Bajcsy-Zsilinszky út 61.,Gyomaendrőd
1. kerület Várkert rakpart 4.,1. kerület
Lábatlan Cementgyári lakótelep,Lábatlan
9. kerület Ferenc körút 5.,9. kerület
Pécs Pákolitz István utca 17.,Pécs
Dunakeszi Károlyi utca,Dunakeszi
12. kerület Csiga út,12. kerület
Csengőd Jókai Mór utca 13.,Csengőd
Orfű Kalaphegyi út,Orfű
18. kerület Kiss Ernő utca,18. kerület
Szentlőrinc Kodolányi János utca 15/B,Szentlőrinc
Gyenesdiás Tanácsház utca 41.,Gyenesdiás
Szigetszentmiklós Bajcsy-Zsilinszky utca 20.,Szigetszentmiklós
Mezőtúr Szabadság tér 16.,Mezőtúr
2. kerület Völgy utca 4/D,2. kerület
Héhalom Petőfi út 23.,Héhalom
7. kerület Rákóczi út 12.,7. kerület
6. kerület Király utca 14.,6. kerület
Kőszeg Várkör,Kőszeg
Kőszeg Kelcz Adelffy utca,Kőszeg
Csömör Széchenyi utca,Csömör
13. kerület Hegedűs Gyula utca 15.,13. kerület
22. kerület Tenkes utca 8/B,22. kerület
2. kerület Lajos utca,2. kerület
7. kerület Rákóczi út 6.,7. kerület
Győr Csanakfalu,Győr
8. kerület Kisfaludy utca,8. kerület
Jászberény Belváros,Jászberény
11. kerület Hunyadi Mátyás út,11. kerület
Miskolc Gesztenyés utca 1.,Miskolc
18. kerület Királyhágó utca 81.,18. kerület
Tata Thury György utca,Tata
Kaposvár Madár utca,Kaposvár
Szeged Kolozsvári tér,Szeged
14. kerület Fogarasi út 110.,14. kerület
5. kerület Haris köz 5.,5. kerület
Oroszlány Rákóczi Ferenc út 23.,Oroszlány
Derecske Piac utca,Derecske
6. kerület Bajnok utca 32.,6. kerület
6. kerület Paulay Ede utca 3.,6. kerület
Szigetszentmárton Dózsa György utca 1.,Szigetszentmárton
3. kerület Óbor utca,3. kerület
Bazsi Petőfi utca 3.,Bazsi
6. kerület Király utca 112.,6. kerület
Érd Teréz utca,Érd
Kiskőrös Bács-Kiskun megye,Kiskőrös
11. kerület Bükköny utca,11. kerület
Győr Árpád út 55.,Győr
Kaposvár Mező utca 15.,Kaposvár
14. kerület Gvadányi utca 15.,14. kerület
17. kerület Madárdomb,17. kerület
Tapolca Fő tér,Tapolca
Vitnyéd Fő utca 63 sz.,Vitnyéd
13. kerület Népfürdő utca 21/b,13. kerület
11. kerület Otthon utca 37.,11. kerület
11. kerület Naprózsa utca,11. kerület
12. kerület Borbála lépcső,12. kerület
Dunaújváros Eszperantó út,Dunaújváros
Üröm Ezüsthegy,Üröm
Erdőkertes Tölgyfa utca,Erdőkertes
Szigetszentmiklós Illyés Gyula park 1.,Szigetszentmiklós
Albertirsa Homokrész II.,Albertirsa
6. kerület Felső erdősor 12.,6. kerület
Etyek Patak utca,Etyek
Baja Ybl sétány,Baja
2. kerület Alsó Törökvész út 6.,2. kerület
9. kerület Epreserdő utca 32.,9. kerület
8. kerület Baross utca 75.,8. kerület
14. kerület Amerikai út 51.,14. kerület
14. kerület Nagy Lajos király útja 214.,14. kerület
Szombathely Kórház köz,Szombathely
Pécs Páfrány utca 43.,Pécs
Debrecen Piac utca 16.,Debrecen
9. kerület Haller utca 8.,9. kerület
Sümeg Dr. Lukonich Gábor utca 27.,Sümeg
Pécs Ágoston tér,Pécs
Zamárdi Keszeg utca 20.,Zamárdi
Zamárdi Keszeg utca,Zamárdi
21. kerület Ady Endre út 13-15,21. kerület
5. kerület Múzeum körút 3.,5. kerület
Dunakeszi Kiserdő utca 1/A,Dunakeszi
Ajka Tölgyfa utca 1.,Ajka
15. kerület Csokonai utca,15. kerület
Szombathely Perintparti sétány,Szombathely
Kiskunhalas Szent Imre utca 4.,Kiskunhalas
Hajdúböszörmény Árpád utca,Hajdúböszörmény
Nagyatád Gyár utca,Nagyatád
Makó Vásárhelyi utca,Makó
11. kerület nincs megadva,11. kerület
Barcs Bajcsy-Zsilinszky utca 43.,Barcs
Szombathely Stromfeld-lakótelep,Szombathely
Dabas Szintes utca,Dabas
Kecskemét Klapka utca 12.,Kecskemét
Türje Dózsa utca 1.,Türje
2. kerület Vadrózsa utca,2. kerület
11. kerület Mikes Kelemen utca 16.,11. kerület
Derecske Piac utca 11.,Derecske
Aszód Kossuth Lajos utca 73.,Aszód
9. kerület Pöttyös utca 9.,9. kerület
Gyöngyös Farkas Tamás utca,Gyöngyös
Kecskemét Mátyás király körút,Kecskemét
21. kerület Völgy utca 19.,21. kerület
8. kerület Bacsó Béla utca 16.,8. kerület
15. kerület Szilas park 5.,15. kerület
Dunaújváros Bocskai István utca 1/b,Dunaújváros
Pécs Vilmos utca 6.,Pécs
Visegrád Rákóczi utca 2/C,Visegrád
7. kerület Péterfy Sándor utca 7.,7. kerület
Miskolc Dóczy József utca 2/A,Miskolc
Győr Pozsonyi út,Győr
6. kerület Zichy Jenő utca 30.,6. kerület
Szeged Egressy Béni utca 47.,Szeged
Szentgotthárd Széchenyi út 11.,Szentgotthárd
Bátonyterenye Liget út,Bátonyterenye
10. kerület Gyakorló utca 8.,10. kerület
Sajószentpéter Belváros,Sajószentpéter
Miskolc Szentpéteri kapu 89.,Miskolc
Dunaharaszti Arany János utca 54.,Dunaharaszti
Nagykanizsa Kazanlak körút 14.,Nagykanizsa
Putnok Bem József tér 15.,Putnok
Hajdúhadház Görgey utca 19.,Hajdúhadház
Pécs Damjanich utca,Pécs
Debrecen Diófa utca 8.,Debrecen
Hajdúhadház Görgey utca,Hajdúhadház
6. kerület Weiner Leó utca 3.,6. kerület
16. kerület Körvasút sor 40.,16. kerület
Miskolc Régiposta utca,Miskolc
Szeged Jósika utca 40.,Szeged
14. kerület Mimóza utca 16.,14. kerület
11. kerület Etele út 28.,11. kerület
Komló Kossuth Lajos utca,Komló
Szolnok Mészáros Lőrinc utca,Szolnok
13. kerület Mohács utca 10.,13. kerület
Hévíz Petőfi Sándor utca 7.,Hévíz
Hódmezővásárhely Éva utca 5.,Hódmezővásárhely
Pécs Kénes út 4.,Pécs
Kazincbarcika Borsod-Abaúj-Zemplén megye,Kazincbarcika
Vecsés Halmitelep,Vecsés
Kunszentmárton Köztársaság tér,Kunszentmárton
Miskolc Miklós utca 2.,Miskolc
Devecser Klapka utca 22.,Devecser
Szerencs Belváros,Szerencs
Keszthely Malom utca,Keszthely
Komló Petőfi utca,Komló
11. kerület Frankhegy utca,11. kerület
Jánoshalma Révész utca 5.,Jánoshalma
2. kerület Szilágyi Erzsébet fasor 85.,2. kerület
Komló Vértanúk utca 24.,Komló
Szeged Bercsényi utca,Szeged
Debrecen Csók utca,Debrecen
Veszprém Vilonyai utca,Veszprém
9. kerület Drégely utca 6-8.,9. kerület
3. kerület Péterhegyi dűlő,3. kerület
Komló Dózsa György utca,Komló
Kalocsa Széchenyi út 49.,Kalocsa
7. kerület Dózsa György út 14.,7. kerület
8. kerület Tömő utca 48.,8. kerület
12. kerület Hadik András utca,12. kerület
15. kerület Szent Korona útja 11.,15. kerület
Harkány Bartók Béla utca 17.,Harkány
Pécs Zsolt utca 5.,Pécs
Kazincbarcika Egressy Béni út 7.,Kazincbarcika
Nyíregyháza Szegfű utca,Nyíregyháza
Bicske Csákvári út,Bicske
Dunaharaszti Egry József utca,Dunaharaszti
Harkány Szent István utca 80.,Harkány
Alsópáhok Fő utca,Alsópáhok
Szolnok Tompa Mihály utca 27.,Szolnok
Debrecen Böszörményi út 68.,Debrecen
7. kerület István utca 47.,7. kerület
13. kerület Szegedi út 1.,13. kerület
Miskolc Görgey Artúr utca,Miskolc
14. kerület Egressy út 82.,14. kerület
Zomba Zrínyi utca 4.,Zomba
7. kerület Wesselényi utca 13.,7. kerület
Szeged Vértói út,Szeged
3. kerület Vályog utca 7.,3. kerület
Pécs Budai vám,Pécs
Rétság Mikszáth Kálmán utca 10.,Rétság
Dorog Köztársaság út,Dorog
Fonyód Dobó István utca,Fonyód
Karcag Táncsics Mihály körút 13.,Karcag
Gyömrő Bajcsy-Zsilinszky út 2.,Gyömrő
Hosszúhetény Bazsarózsa utca,Hosszúhetény
Budaörs Kossuth Lajos utca 4/b,Budaörs
Szombathely Gyöngyösszőlős,Szombathely
Miskolc Katona József utca 12.,Miskolc
Hajdúnánás Bocskai utca,Hajdúnánás
Balatonlelle Dr. Kiss Károly utca,Balatonlelle
Kozármisleny Jácint utca,Kozármisleny
21. kerület Széchenyi István utca,21. kerület
8. kerület Karácsony Sándor utca 21.,8. kerület
Hajmáskér Jókai Mór lakótelep 8/C,Hajmáskér
11. kerület Köbölkút utca,11. kerület
Lenti Kossuth út 1.,Lenti
13. kerület Lehel utca 36.,13. kerület
Babosdöbréte Kossuth Lajos utca 4.,Babosdöbréte
Veszprémvarsány Rákóczi Ferenc utca 60.,Veszprém
Balassagyarmat Mikszáth Kálmán utca,Balassagyarmat
Szentendre Füzespark lakótelep,Szentendre
9. kerület Lónyay utca 46.,9. kerület
Szolnok Mátyás király út 21.,Szolnok
Kecskemét Bercsényi utca 13.,Kecskemét
Székesfehérvár Halász utca,Székesfehérvár
Nagykanizsa Királyi Pál utca,Nagykanizsa
Kunszentmárton Széchenyi lakótelep H 4.,Kunszentmárton
Ózd Nagy Imre út,Ózd
Dunakeszi Állomás sétány,Dunakeszi
Baja Dózsa György út,Baja
Csákvár Vöröskapu utca 3.,Csákvár
Szekszárd Mérey utca,Szekszárd
Miskolc Aulich Lajos utca 13/B,Miskolc
Komló Mikszáth Kálmán utca,Komló
Ózd Árpád vezér út 5.,Ózd
Békéscsaba Fényesi utca,Békéscsaba
Pásztó Fő utca,Pásztó
Tarcal Ifjúsági lakótelep 18.,Tarcal
Sükösd Dózsa György út,Sükösd
Gyula Belváros,Gyula
Mór Iskola utca,Mór
6. kerület Király utca 98.,6. kerület
Mosonmagyaróvár MOFÉM-telep,Mosonmagyaróvár
Siófok Budai Nagy Antal utca 4.,Siófok
16. kerület Sashalom utca,16. kerület
Miskolc Kis-Hunyad utca 48.,Miskolc
Nagykanizsa Platán sor,Nagykanizsa
Pereszteg Széchenyi utca 10.,Pereszteg
Debrecen Bajcsy-Zsilinszky utca 35-37,Debrecen
9. kerület Aszódi utca,9. kerület
Érd Lőcsei utca,Érd
Szeged Hüvelyk utca,Szeged
Petőfibánya Jókai utca,Petőfibánya
Nagykovácsi Kálváriakert,Nagykovácsi
Siófok Munkácsy Mihály utca,Siófok
Nyíregyháza Szabadság tér,Nyíregyháza
Battonya Molnár C. Pál lakótelep 6/b.,Battonya
Nyíregyháza Ér utca 11.,Nyíregyháza
Hajdúszoboszló Bánomkert,Hajdúszoboszló
2. kerület Csévi utca,2. kerület
Miskolc Benedek Elek utca 2.,Miskolc
9. kerület Üllői út 73.,9. kerület
Kecskemét Rákóczi út 3/1,Kecskemét
Nagyszénás Béke utca 15/b,Nagyszénás
18. kerület Dembinszky utca,18. kerület
19. kerület Háromszék utca,19. kerület
Murakeresztúr Dózsa György út 24.,Murakeresztúr
Visegrád Újtelep,Visegrád
3. kerület Farkastorki út,3. kerület
Kaposvár Tallián Gyula utca,Kaposvár
Szigetszentmiklós Radnóti Miklós utca,Szigetszentmiklós
Szolnok Mártírok útja 2.,Szolnok
11. kerület Bartók Béla út 98-102,11. kerület
Lenti Lehel utca 8/1,Lenti
Eger Gólya utca,Eger
Kistarcsa Fitos Sándor utca,Kistarcsa
Eger Szőlő utca 10.,Eger
Bazsi Hegyi utca 4.,Bazsi
5. kerület Petőfi Sándor utca 3.,5. kerület
7. kerület Dohány utca 96.,7. kerület
14. kerület Huszt utca,14. kerület
Dunaföldvár Hunyadi park 2/A,Dunaföldvár
5. kerület Zoltán utca 12.,5. kerület
Balatonlelle Köztársaság utca 36.,Balatonlelle
Zalaegerszeg Hegyalja utca,Zalaegerszeg
Pécs Farkas István utca,Pécs
Szentes Klauzál utca,Szentes
13. kerület Kis Gömb utca 19.,13. kerület
8. kerület Népszínház utca 47.,8. kerület
2. kerület Endrődi Sándor utca 65.,2. kerület
Pécs Zöldfa utca 30.,Pécs
Gyula Budapest körút 20.,Gyula
Budakalász Mező utca,Budakalász
Keszthely Bercsényi Miklós utca,Keszthely
Dorog Ganz Ábrahám utca 5.,Dorog
Bonyhád Budai Nagy Antal utca,Bonyhád
Pécs Sirály utca,Pécs
Balástya Csongrád megye,Balástya
Szolnok Somogyi Béla utca,Szolnok
Miskolc Árpád út 78.,Miskolc
Téglás Fényes utca,Téglás
Kál Kápolnai út,Kál
15. kerület Arany János utca 94.,15. kerület
Sopron Jégverem 2. I. em. 4.,Sopron
Hévíz Fecske utca 58.,Hévíz
Galgamácsa Panoráma lakótelep 1.,Galgamácsa
16. kerület Corvin utca,16. kerület
Helvécia Matkó,Helvécia
Szeged Fő fasor 72.,Szeged
Csongrád Fő utca 20-24.,Csongrád
Mátészalka Kossuth utca,Mátészalka
Veszprém Stromfeld Aurél utca 2.,Veszprém
Gyula Corvin utca,Gyula
21. kerület Árpád utca 12.,21. kerület
3. kerület Raktár utca 56.,3. kerület
Balatonboglár Viola utca,Balatonboglár
Balatonboglár Margaréta utca,Balatonboglár
Pécs Mécsvirág utca,Pécs
19. kerület Esze Tamás utca,19. kerület
8. kerület Diószegi Sámuel utca 50.,8. kerület
Debrecen Hősök utcája 2.,Debrecen
14. kerület Szabó József utca 14/B,14. kerület
Nagykanizsa Sugár út 13.,Nagykanizsa
5. kerület Kálmán Imre utca 21.,5. kerület
Budakalász Berdódűlő,Budakalász
Veresegyház Fürdő utca,Veresegyház
14. kerület Erzsébet királyné útja 41a,14. kerület
Nagyatád Korányi Sándor utca 4.,Nagyatád
Gödöllő Antalhegyi utca,Gödöllő
Szeged Körömvirág utca,Szeged
13. kerület Ipoly utca 5.,13. kerület
2. kerület Árpád fejedelem útja 31.,2. kerület
Baja Viola utca 2.,Baja
20. kerület Szent Erzsébet tér,20. kerület
8. kerület Vajdahunyad utca 10.,8. kerület
Szabadszállás Bács-Kiskun megye,Szabadszállás
4. kerület Perényi Zsigmond utca 9.,4. kerület
Lenti Kossuth út,Lenti
Hajdúnánás Kossuth utca 3.,Hajdúnánás
Kőszeg Gyöp utca 4.,Kőszeg
Tiszakécske Kerekdomb,Tiszakécske
16. kerület József utca 106.,16. kerület
6. kerület Bajza utca 54.,6. kerület
17. kerület Szárazhegy út 29/1,17. kerület
Regéc Fő út 4.,Regéc
Ajka Fő út,Ajka
2. kerület Pasaréti út 121-123.,2. kerület
Fehérgyarmat Kertváros út,Fehérgyarmat
2. kerület Forint utca 8.,2. kerület
Székesfehérvár Toronysor 2.,Székesfehérvár
7. kerület Csányi utca 9-11,7. kerület
6. kerület Eötvös utca 28.,6. kerület
Sátoraljaújhely Popelyás utca 15.,Sátoraljaújhely
Mályi Borsod-Abaúj-Zemplén megye,Mályi
Ózd Bulcsú utca,Ózd
Székesfehérvár Katica utca,Székesfehérvár
Gyöngyös Könyves Kálmán tér 11-12,Gyöngyös
Szombathely Szent Márton utca,Szombathely
5. kerület Papnövelde utca,5. kerület
1. kerület Sztehlo Gábor rakpart,1. kerület
Edelény Szentpéteri út 30.,Edelény
Kazincbarcika Patak utca,Kazincbarcika
Vecsés Hunyadi utca,Vecsés
Szada Petőfi utca,Szada
Szolnok Martinovics utca,Szolnok
2. kerület Hűvösvölgyi út 50.,2. kerület
Gödöllő Dózsa György út 31.,Gödöllő
Kaposvár Balázs János utca 21.,Kaposvár
Veszprém Szabadságpuszta,Veszprém
17. kerület Sági utca 7.,17. kerület
Nagykanizsa Felsőerdő utca,Nagykanizsa
Mosonmagyaróvár Tízház utca 7.,Mosonmagyaróvár
Balatonfüred Németh László utca,Balatonfüred
Újszentmargita Petőfi utca 54.,Újszentmargita
8. kerület Rozgonyi utca 2-6,8. kerület
2. kerület Nyúl utca 13/a,2. kerület
Sopron Fűzfa sor,Sopron
Eger Erdélyi Éva utca,Eger
13. kerület Danubio,13. kerület
12. kerület Zugligeti út 43.,12. kerület
Budaörs Naphegy,Budaörs
Szombathely Vasvári Pál utca 16.,Szombathely
Gyula Kossuth Lajos utca 5.,Gyula
Kecskemét Bem utca 17.,Kecskemét
9. kerület Szerkocsi utca,9. kerület
Miskolc Nagyavas Középső sor,Miskolc
Szentes Szent Imre herceg utca,Szentes
Barcs Bajcsy-Zsilinszky utca 37.,Barcs
Balajt Ady Endre út 21.,Balajt
Dabas Pest megye,Dabas
Lőkösháza Árpád utca,Lőkösháza
Eger Cifra hóstya,Eger
3. kerület Amfiteátrum utca 4.,3. kerület
5. kerület Magyar utca 12.,5. kerület
Pécs Kolozsvár utca 7623,Pécs
7. kerület Kertész utca 46.,7. kerület
1. kerület Csap utca,1. kerület
6. kerület Szondi utca 45.,6. kerület
13. kerület Tar utca,13. kerület
14. kerület Hungária körút 102.,14. kerület
Győr Tábor utca 34.,Győr
Siklós Köztársaság tér 1/a,Siklós
14. kerület Alsórákos – Mogyoródi–Jerney úti lakótelep,14. kerület
15. kerület Palotás utca,15. kerület
Dunaújváros Váci Mihály utca,Dunaújváros
3. kerület Jablonka út,3. kerület
3. kerület Lajos utca 49.,3. kerület
Kecskemét Szeleifalu,Kecskemét
Budaörs Átlós utca,Budaörs
Miskolc Könyves Kálmán utca 29.,Miskolc
8. kerület Delej utca 51.,8. kerület
Szeged Klauzál tér 7.,Szeged
Makó Bajza utca 33.,Makó
11. kerület Sasadi út 119.,11. kerület
Szeged Alkony utca,Szeged
Bátonyterenye Csentei út,Bátonyterenye
Gárdony Gallér utca,Gárdony
18. kerület Dolgozó út 8/C,18. kerület
22. kerület Honfoglalás út,22. kerület
22. kerület György utca,22. kerület
Gyöngyöshalász Atkári út,Gyöngyös
Tiszaújváros Árpád út 36.,Tiszaújváros
Szabadszállás Mátyás király tér,Szabadszállás
Hajdúnánás Bocskai utca 63-65.,Hajdúnánás
Balatonszemes Semmelweis utca,Balatonszemes
Balatonfüred Kistói utca,Balatonfüred
Miskolc Perczel Mór utca 48.,Miskolc
Baja Duna utca,Baja
Balatonfüred Bartók Béla utca,Balatonfüred
Bonyhád Fáy lakótelep 12.,Bonyhád
Szeged Pósz Jenő utca,Szeged
Miskolc Kilencedik utca,Miskolc
Tornyiszentmiklós Kossuth Lajos utca 80.,Tornyiszentmiklós
8. kerület Diószegi Sámuel utca 34.,8. kerület
20. kerület Kossuth Lajos utca 31.,20. kerület
Szeged Fél utca,Szeged
Göd Cserfa utca,Göd
19. kerület Madarassy László utca 19.,19. kerület
Veresegyház Budapesti utca,Veresegyház
Csorna Köztársaság utca 36.,Csorna
Nagycsepely Somogy megye,Nagycsepely
Siófok Balatonkiliti,Siófok
1. kerület Krisztina tér,1. kerület
Siófok Levendula utca,Siófok
Dunaharaszti Millenniumtelep,Dunaharaszti
Kecskemét Teleki László utca,Kecskemét
Siófok Szent István sétány,Siófok
14. kerület Zoborhegy tér,14. kerület
Komló Anna akna,Komló
Sopron Béke út,Sopron
6. kerület Andrássy út 68.,6. kerület
Zalaegerszeg Pázmány Péter utca,Zalaegerszeg
16. kerület Csipkés köz,16. kerület
10. kerület Agyagfejtő utca,10. kerület
6. kerület Teréz körút 18.,6. kerület
14. kerület Limanova köz,14. kerület
Nyíregyháza Kállói út 4.,Nyíregyháza
Érd Györgyliget,Érd
Dunaújváros Köztársaság út,Dunaújváros
Szeged Vág utca,Szeged
20. kerület Helsinki út 34-35.,20. kerület
6. kerület Szófia utca 15.,6. kerület
14. kerület Zsálya utca,14. kerület
Szentlőrinc Hunyadi János utca,Szentlőrinc
20. kerület Károly utca,20. kerület
Monorierdő Pest megye,Monor
Kaposvár Bárczi Gusztáv utca 4.,Kaposvár
Gyömrő Annahegyi utca,Gyömrő
Miskolc Törökverő utca,Miskolc
Szentgotthárd Tótfalusi út,Szentgotthárd
Polgárdi Május 1. lakótelep,Polgárdi
2. kerület Pasaréti út 65/b,2. kerület
Gyöngyös Lokodi János utca,Gyöngyös
Nagykanizsa Dózsa György utca 115.,Nagykanizsa
Szeged Mars tér,Szeged
Tiszavasvári Gyár utca,Tiszavasvári
Pécs Fazekas Mihály utca,Pécs
Nyíregyháza Debreceni út 16.,Nyíregyháza
Szigetszentmiklós Petőfi utca,Szigetszentmiklós
13. kerület Hollán Ernő utca 46.,13. kerület
13. kerület Lehel utca 49.,13. kerület
9. kerület Viola utca 10-14.,9. kerület
3. kerület Barátpatak utca,3. kerület
Dunakeszi Dr. Bayer Emil utca 6.,Dunakeszi
Eger Vörösmarty Mihály utca 1-3.,Eger
4. kerület Izzó utca 13.,4. kerület
Miskolc Füzes utca 48.,Miskolc
11. kerület Daróczi út 62.,11. kerület
9. kerület Ráday utca 41.,9. kerület
Szeged Batthyány utca,Szeged
11. kerület Kérő utca 10.,11. kerület
Sopron Erzsébet utca 5.,Sopron
Törökbálint Árpád utca 185/2,Törökbálint
Simontornya Mátyás utca 7.,Simontornya
12. kerület Szent Orbán tér,12. kerület
Szekszárd Újváros,Szekszárd
Nagyatád Széchenyi tér,Nagyatád
10. kerület Medveszőlő utca,10. kerület
Ózd Géza utca 2.,Ózd
14. kerület Kövér Lajos utca 36. I/6.,14. kerület
Szeged Tisza Lajos körút 58.,Szeged
Balatonfüred Fürdő utca,Balatonfüred
14. kerület Eleonóra utca,14. kerület
8. kerület Német utca 2.,8. kerület
7. kerület Murányi utca 45.,7. kerület
12. kerület Ráth György utca 3.,12. kerület
Kaposvár Noszlopy Gáspár utca,Kaposvár
11. kerület Budaörsi út 127.,11. kerület
7. kerület Nefelejcs utca 13.,7. kerület
Szeged Hiúz utca,Szeged
Zalaegerszeg Landorhegyi út,Zalaegerszeg
17. kerület Gombosi utca 14.,17. kerület
13. kerület Balzac utca 1.,13. kerület
Szentendre Felhő utca,Szentendre
Komló Anna akna 8.,Komló
22. kerület Hómező utca 40.,22. kerület
Szigetszentmiklós Bajcsy-Zsilinszky utca 43.,Szigetszentmiklós
Pomáz Fűzfa utca 32.,Pomáz
Érd Fuvaros utca,Érd
Csörög Fácán utca,Csörög
2. kerület Szabadság utca 94-96.,2. kerület
Rajka Békefi utca,Rajka
Mosonmagyaróvár Mosonyi Mihály utca,Mosonmagyaróvár
Mosonmagyaróvár Gazdász utca,Mosonmagyaróvár
Szigetvár Aradi utca 12.,Szigetvár
Gyöngyös Bem apó utca 5.,Gyöngyös
Sopron Pázmány Péter utca 5.,Sopron
14. kerület Mogyoródi út 73.,14. kerület
Debrecen Busi utca,Debrecen
4. kerület Pozsonyi utca 4.,4. kerület
Budaörs Holdfény lakópark,Budaörs
Nyíregyháza Fazekas János tér 12.,Nyíregyháza
Kisvárda Diófás utca,Kisvárda
3. kerület Nyereg út,3. kerület
Hegyeshalom Bercsényi utca,Hegyeshalom
14. kerület Virradat utca,14. kerület
Salgótarján Alkotmány út 1.,Salgótarján
Bezenye Béke út,Bezenye
Miskolc Nagyavas Felső sor 461.,Miskolc
Nyíregyháza Szent István utca 63.,Nyíregyháza
Tapolca Semmelweis Ignác utca 25.,Tapolca
14. kerület Kalocsai utca 85.,14. kerület
Baracska Akácos utca 2.,Baracska
Jászapáti Pacsirta utca 15.,Jászapáti
2. kerület Vérmező út,2. kerület
Eger Töviskes tér 6.,Eger
11. kerület Kapolcs utca 5.,11. kerület
Kaposvár Arany János köz,Kaposvár
20. kerület Attila utca 30.,20. kerület
Debrecen Földi János utca,Debrecen
6. kerület Vörösmarty utca 31.,6. kerület
Mosonmagyaróvár Gyep utca,Mosonmagyaróvár
8. kerület Lőrinc pap tér,8. kerület
Pécs Cserebogár dűlő,Pécs
Balatonfüred Pálóczi Horváth Ádám utca,Balatonfüred
Baja Jelky András tér 1.,Baja
Sárvár Belváros,Sárvár
Szeged Bibó István utca 1.,Szeged
Makó Bajcsy-Zsilinszky lakótelep 4.,Makó
Halásztelek Újtelep,Halásztelek
Miskolc Fábián utca 8.,Miskolc
Mosonmagyaróvár Lőpor utca 11.,Mosonmagyaróvár
Bátaszék Budai utca,Bátaszék
Téglás Csokonai Vitéz Mihály utca 45.,Téglás
Eger Vallon utca,Eger
Biatorbágy Iharos út,Biatorbágy
13. kerület Hollán Ernő utca 28.,13. kerület
8. kerület II. János Pál pápa tér 1.,8. kerület
9. kerület Lónyay utca 36.,9. kerület
Gyöngyös Róbert Károly utca,Gyöngyös
Kistarcsa Móraliget,Kistarcsa
Szentes Bocskai utca,Szentes
6. kerület Rózsa utca 111.,6. kerület
13. kerület Rozsnyai utca 39.,13. kerület
Pécs Alkotmány utca 34.,Pécs
Eger Tiba István utca 3.,Eger
Herend Ág utca,Herend
Szeged Kemes utca,Szeged
Szigetszentmiklós Ragád,Szigetszentmiklós
7. kerület Dózsa György út 80.,7. kerület
Herceghalom Liget utca,Herceghalom
Salgótarján Kercseg út 42.,Salgótarján
Pécs Felsővámház utca 59.,Pécs
2. kerület Bécsi út 6.,2. kerület
8. kerület Baross utca 124.,8. kerület
Kazincbarcika Jószerencsét út,Kazincbarcika
Győr Corvin utca,Győr
19. kerület Álmos utca,19. kerület
13. kerület Szabolcs utca 30.,13. kerület
9. kerület Üllői út 109/A,9. kerület
Szikszó Bajcsy-Zsilinszky út 36.,Szikszó
Kőszeg Schneller István utca 7.,Kőszeg
18. kerület Kisfaludy utca 70.,18. kerület
Mór Bányásztelep,Mór
Nagyatád Aradi utca 15.,Nagyatád
Mór Deák Ferenc utca,Mór
Veszprém Csermák Antal utca 8.,Veszprém
2. kerület Fullánk utca,2. kerület
Dunakeszi Munkácsy Mihály utca,Dunakeszi
Tolna Bajcsy-Zsilinszky utca 73/1,Tolna
Balatonberény Ady Endre utca,Balatonberény
Dunaharaszti Andrássy Gyula utca,Dunaharaszti
3. kerület Szőlővész utca 2.,3. kerület
1. kerület Fő utca 11-13.,1. kerület
Hajdúnánás Bocskai utca 52/A,Hajdúnánás
Nyíregyháza Róka utca,Nyíregyháza
Villány Kisköz utca,Villány
4. kerület Erkel Gyula utca 25.,4. kerület
Baja IV. körzet,Baja
13. kerület Jászai Mari tér 4.,13. kerület
8. kerület Népszínház utca 46.,8. kerület
Budaörs Kertváros ‒ Ganztelep,Budaörs
22. kerület Sárgabarack utca,22. kerület
Gyöngyös Mérges utca,Gyöngyös
21. kerület Kossuth Lajos utca 52.,21. kerület
Mikepércs Töhötöm vezér utca 1.,Mikepércs
Bátonyterenye Iskola út 9.,Bátonyterenye
Nyíregyháza Dózsa György utca,Nyíregyháza
Dunakeszi Szent Erzsébet utca,Dunakeszi
8. kerület Bauer Sándor utca 5.,8. kerület
Berettyóújfalu Bessenyei lakótelep 31.,Berettyóújfalu
Lovászi Lakótelep utca,Lovászi
Kaposvár Kinizsi lakótelep,Kaposvár
Esztergom Aranyhegy,Esztergom
14. kerület Öv utca 193-195.,14. kerület
Vásárosnamény Szabolcs-Szatmár-Bereg megye,Vásárosnamény
Sopron Uszoda utca 2.,Sopron
11. kerület Fatörzs utca 1112,11. kerület
Nagykőrös Kustár utca,Nagykőrös
Pécs Nagy Lajos király útja 8.,Pécs
Szeged Baross László utca 4.,Szeged
5. kerület Ferenczy István utca 28.,5. kerület
Mezőkövesd Radnóti utca,Mezőkövesd
Solymár Váci Mihály utca 2.,Solymár
13. kerület Petneházy utca 1139.,13. kerület
Kál Heves megye,Kál
Miskolc Szentgyörgy út 38.,Miskolc
Debrecen Mester utca 19.,Debrecen
Újfehértó Munkás utca,Újfehértó
5. kerület Erzsébet tér 5.,5. kerület
Dorog Zsigmondy Vilmos lakótelep 10.,Dorog
Szigliget Hóvirág utca,Szigliget
Tiszafüred Húszöles út 43.,Tiszafüred
Szeged Szőregitanyák,Szeged
Sopron Bécsidomb,Sopron
Nagyatád Árpád utca 9.,Nagyatád
9. kerület Mihálkovics utca,9. kerület
Szeged Csaba utca 44 A,Szeged
Szeged Vár utca 6.,Szeged
Mikepércs Bodóháza kert 2312/6,Mikepércs
Dunakeszi Dr. Babicz Béla utca 14.,Dunakeszi
14. kerület Nagy Lajos király útja 191.,14. kerület
Vác Althann Mihály Frigyes utca,Vác
Szeged Bartucz Lajos utca 6/4,Szeged
Kisvárda Mártírok útja,Kisvárda
Pécs Aligvárom,Pécs
Szentendre Vasvári-lakótelep,Szentendre
23. kerület Táncsics Mihály utca,23. kerület
Tárnok Berkipuszta,Tárnok
Csömör Pest megye,Csömör
Balatonakarattya Nap utca,Balatonakarattya
Marcali Tiszti lakótelep,Marcali
Fót Németh Kálmán út 1.,Fót
14. kerület Thököly út 106.,14. kerület
10. kerület Gyömrői út,10. kerület
Győr Nagysándor József utca 7.,Győr
Eger Ráchegy,Eger
2. kerület Fillér lépcső,2. kerület
Miskolc Majláth,Miskolc
Gyomaendrőd Árpád utca 21.,Gyomaendrőd
11. kerület Kővirág sor,11. kerület
Kecskemét III. Béla körút 4.,Kecskemét
Nyíregyháza Korányi köz,Nyíregyháza
2. kerület Tövis utca,2. kerület
Debrecen Víztorony utca,Debrecen
Veszprém Puskin utca,Veszprém
Pécs Újhegy,Pécs
Szolnok Csokonai út 20.,Szolnok
Nagytarcsa Jókai-lakópark,Nagytarcsa
Kerepes Pest megye,Kerepes
Mezőkövesd Juharfa utca 3.,Mezőkövesd
Salgótarján Úttörők út 35.,Salgótarján
Tab Somogy megye,Tab
Mórahalom Csongrád megye,Mór
Dunakeszi Kölcsey utca,Dunakeszi
22. kerület Péter-Pál köz,22. kerület
Szeged Bercsényi utca 6.,Szeged
Komló Kazinczy Ferenc utca,Komló
14. kerület Gervay utca 85.,14. kerület
Pécs Kálvária utca,Pécs
Pusztaszabolcs Bajcsy-Zsilinszky Endre utca 46/1,Pusztaszabolcs
8. kerület József körút 36.,8. kerület
3. kerület Góbé utca,3. kerület
3. kerület Borsmenta utca,3. kerület
23. kerület Horgász part 21.,23. kerület
Mátészalka Ráczkerti lakótelep,Mátészalka
Mosonmagyaróvár Szekeres Richárd utca 13.,Mosonmagyaróvár
Deszk Széchenyi István utca,Deszk
2. kerület Szép Juhászné út,2. kerület
15. kerület Dugonics utca,15. kerület
Pomáz Móra Ferenc utca,Pomáz
19. kerület Kossuth tér,19. kerület
Hódmezővásárhely Tarján,Hódmezővásárhely
12. kerület Nárcisz utca 27.,12. kerület
Csorna Soproni út,Csorna
Várpalota Bazár sor,Várpalota
5. kerület Kálvin tér 3.,5. kerület
Békéscsaba Szabó Pál tér,Békéscsaba
Székesfehérvár Király sor,Székesfehérvár
Nagykanizsa Király utca,Nagykanizsa
11. kerület Hetény utca,11. kerület
Dunavarsány Pest megye,Dunavarsány
Kaposvár Németh István fasor 47.,Kaposvár
Gyula Városház utca 12.,Gyula
Siófok Tanácsház utca 18.,Siófok
Kecskemét Hollandfalu,Kecskemét
Győr Szent István út 43.,Győr
Bicske Belváros,Bicske
Komló Móricz Zsigmond utca,Komló
4. kerület Hárfa utca,4. kerület
Hódmezővásárhely Susán,Hódmezővásárhely
Szentendre Kisfaludy utca,Szentendre
15. kerület Zsókavár utca 51.,15. kerület
Szekszárd Csokonai utca,Szekszárd
Kiskunhalas Batthyány utca 10/B,Kiskunhalas
2. kerület Margit körút 35-37.,2. kerület
14. kerület Szervián utca 38.,14. kerület
Nyíregyháza Keleti Márton utca,Nyíregyháza
Szeged Hajnóczy utca 26.,Szeged
Komló Május 1. utca 6.,Komló
Makó Bajcsy-Zsilinszky lakótelep,Makó
Szombathely Krúdy Gyula utca,Szombathely
Győr Hármashatár út 22.,Győr
Kaposvár Szent Imre utca,Kaposvár
8. kerület Krúdy utca 16-18,8. kerület
Sopron Vasvári Pál utca,Sopron
18. kerület Csörgőfa utca 4.,18. kerület
7. kerület Dob utca 97.,7. kerület
10. kerület Takarék utca,10. kerület
4. kerület Pöltenberg Ernő utca,4. kerület
Kazincbarcika Egressy Béni út 19.,Kazincbarcika
Siófok Puskás Tivadar utca 5.,Siófok
7. kerület Erzsébet körút 21.,7. kerület
Baracska Vasút utca 4.,Baracska
Szombathely Szent István király utca 83/A,Szombathely
Vác Burgundia,Vác
Százhalombatta Urbárium,Százhalombatta
Veszprém Bajcsy-Zsilinszky Endre utca,Veszprém
11. kerület Dió utca 1.,11. kerület
Vecsés Andrássytelep,Vecsés
Jobbágyi Hunyadi út,Jobbágyi
Szolnok Kossuth Lajos út 17-23,Szolnok
Kecskemét Majális utca 1.,Kecskemét
Sátoraljaújhely Hajnal utca 2.,Sátoraljaújhely
Nyíregyháza Fazekas János tér 10.,Nyíregyháza
Kétegyháza MÁV-telep,Kétegyháza
Zalaegerszeg Landorhegyi út 18.,Zalaegerszeg
Pécel Vasúton túli terület,Pécel
Devecser Veszprém megye,Devecser
Budakeszi Meggyes,Budakeszi
Balassagyarmat Kossuth Lajos utca 3.,Balassagyarmat
Kaposvár Léva köz 6.,Kaposvár
Csurgó Soltra Alajos utca 8.,Csurgó
20. kerület Vas Gereben utca,20. kerület
Szolnok Liget utca,Szolnok
Kisköre Tisza II. vízlépcső lakótelep,Kisköre
Miskolc Déryné utca,Miskolc
Harkány Belváros,Harkány
Tokod Ebszőnybánya,Tokod
Sopron Teleki Pál út,Sopron
Sárospatak Bessenyei György utca 9.,Sárospatak
6. kerület Vörösmarty utca 64.,6. kerület
Gyöngyös Koháry út,Gyöngyös
Debrecen Petőfi tér 19.,Debrecen
Veresegyház Csillagfürt utca 1.,Veresegyház
Zamárdi Dessewffy utca,Zamárdi
Gávavencsellő Központ,Gávavencsellő
Csépa Béke utca 5475,Csépa
Dunakeszi Tisza utca,Dunakeszi
Salgótarján Zöldfa út 7.,Salgótarján
Gödöllő Táncsics Mihály út,Gödöllő
Győrújfalu Tó utca,Győr
Kecskemét Mészáros Lázár tér,Kecskemét
Érd Narancsfa utca,Érd
Pécs Dr. Veress Endre utca,Pécs
Villány Baross Gábor utca,Villány
Debrecen Zöldfa utca,Debrecen
Rajka Dózsa György utca,Rajka
Hegyeshalom Alkotmány utca,Hegyeshalom
Mosonmagyaróvár Árpád utca,Mosonmagyaróvár
Bük Golf út 6/A.,Bük
Tác Kossuth Lajos utca 22.,Tác
Hódmezővásárhely Szikáncs,Hódmezővásárhely
Szeged Subasa,Szeged
Gödöllő Haraszt,Gödöllő
8. kerület Üllői út 40.,8. kerület
Miskolc Aulich Lajos utca 20.,Miskolc
2. kerület Zöldmáli lejtő 12/C,2. kerület
Nagyhegyes Nyugati utca 27/a,Nagyhegyes
Pusztaszabolcs Szabolcspuszta,Pusztaszabolcs
11. kerület Kelenhegyi út 31/b,11. kerület
Nagykovácsi Nagyszénáskert,Nagykovácsi
Sármellék Zala megye,Sármellék
Szeged Kecskeméti utca,Szeged
Győr Móricz Zsigmond rakpart 3.,Győr
14. kerület Rákosszeg utca,14. kerület
10. kerület Füzér utca 27/a,10. kerület
Dunakeszi Madách Imre utca 22.,Dunakeszi
2. kerület Bem rakpart 42.,2. kerület
Szombathely Szelestey László utca,Szombathely
Siklós Kossuth tér,Siklós
Szeged Csongrádi sugárút 62-64,Szeged
13. kerület Kelén utca 2.,13. kerület
Orosháza Thék Endre utca 4.,Orosháza
Mosonmagyaróvár Fő utca 8.,Mosonmagyaróvár
Boldva Mátyás király út,Boldva
8. kerület Práter utca 67.,8. kerület
12. kerület Abos utca,12. kerület
Kisvárda Gyár utcai lakótelep,Kisvárda
14. kerület Radovic Dusán köz 5.,14. kerület
Szeged Temesvári körút,Szeged
Zirc Fenyőfa utca,Zirc
6. kerület Teréz körút 7.,6. kerület
Kaposvár Tóth Árpád utca 15.,Kaposvár
Marcali Városközpont,Marcali
Tatabánya Molnár János utca,Tatabánya
2. kerület Máriaremetei út 184.,2. kerület
Pécs Hőgyes Endre utca,Pécs
Nagyfüged Ady Endre út 107.,Nagyfüged
19. kerület Vásár tér,19. kerület
6. kerület Paulay Ede utca 56.,6. kerület
6. kerület Teréz körút 21.,6. kerület
Kecskemét Nyíl utca,Kecskemét
Debrecen Diófa utca 43.,Debrecen
14. kerület Róna utca 207.,14. kerület
Lenti Lehel utca,Lenti
4. kerület Attila utca 52.,4. kerület
Pusztaszabolcs Szabolcs liget 15.,Pusztaszabolcs
Dunakeszi Béke utca,Dunakeszi
Pécs Alkotmány utca 23.,Pécs
Mezőkövesd Batthyány utca,Mezőkövesd
22. kerület Nagytétény – Óhegy,22. kerület
Tatabánya Réti utca,Tatabánya
13. kerület Újpesti rakpart 5.,13. kerület
Bicske Tölgyfa utca 7.,Bicske
Paks Búzavirág utca 71.,Paks
Sajószentpéter Tárna utca 3.,Sajószentpéter
Sajószentpéter Harica utca 4.,Sajószentpéter
Miskolc József Attila utca,Miskolc
Kiskunmajsa Félegyházi út,Kiskunmajsa
Balassagyarmat Móricz Zsigmond utca,Balassagyarmat
Szank Rákóczi Ferenc utca,Szank
Vecsés Kispatak lakópark,Vecsés
4. kerület Váci út,4. kerület
Tótkomlós Fő út,Tótkomlós
Győrújbarát Százszorszép lakópark,Győr
Zirc Faller Jenő utca 30.,Zirc
19. kerület Arany János utca 1191,19. kerület
Bük Golf út 8.,Bük
Sajószentpéter Tárna utca 11.,Sajószentpéter
Pécs Vasas,Pécs
Dombóvár Zöldfa utca 9.,Dombóvár
Kiskunlacháza Alma utca,Kiskunlacháza
Szécsény Rákóczi út,Szécsény
6. kerület Városligeti fasor 32.,6. kerület
Kaposvár Toldi Miklós utca,Kaposvár
12. kerület Ágnes út 12.,12. kerület
Gerendás Széchenyi utca 21.,Gerendás
10. kerület Gép utca,10. kerület
Röszke Felszabadulás utca 240.,Röszke
5. kerület Váci utca 11.,5. kerület
6. kerület Andrássy út 14.,6. kerület
9. kerület Közraktár utca 12.,9. kerület
Miskolc Zamenhof utca,Miskolc
5. kerület Károly körút 18.,5. kerület
Kecskemét Garai Zoltán utca,Kecskemét
9. kerület Berzenczey utca 3.,9. kerület
Dunaújváros Nap utca,Dunaújváros
Miskolc Áfonyás utca 3.,Miskolc
Abádszalók Vörösmarty út 32.,Abádszalók
Törökszentmiklós Fáy András lakótelep 4.,Törökszentmiklós
Kazincbarcika Mátyás király út 23.,Kazincbarcika
Makó Tömörkény utca,Makó
Balatonalmádi Veszprémi út 19.,Balatonalmádi
Komló Petőfi utca 20.,Komló
3. kerület Királyok útja 243.,3. kerület
Nagykáta Tüzelő utca,Nagykáta
Bogács Széchenyi utca,Bogács
Sajószentpéter Tárna utca,Sajószentpéter
Ózd Lehel vezér út,Ózd
2. kerület Józsefhegyi utca,2. kerület
Sajószentpéter Móra Ferenc utca 24.,Sajószentpéter
Szolnok Czakó Elemér utca,Szolnok
20. kerület Téglagyártó utca 12/b,20. kerület
Kökény Kossuth utca,Kökény
10. kerület Kékvirág utca,10. kerület
3. kerület Zsirai Miklós utca 12.,3. kerület
Harkány Erkel Ferenc tér 1.,Harkány
Nagyatád Hunyadi utca 10/A,Nagyatád
5. kerület Molnár utca 15.,5. kerület
Miskolc Csortos Gyula utca,Miskolc
Lenti Lentihegy,Lenti
Szentgyörgyvölgy Rákóczi utca 29.,Szentgyörgyvölgy
19. kerület Móricz Zsigmond utca,19. kerület
Esztergom Szalézi út 12/B,Esztergom
Pécs Anna utca 6.,Pécs
18. kerület Csíkszereda utca,18. kerület
Bocskaikert Váci Mihály út 46.,Bocskaikert
Törökszentmiklós Fáy András lakótelep 1.,Törökszentmiklós
6. kerület Mozsár utca 7.,6. kerület
5. kerület Váci utca 84.,5. kerület
8. kerület Visi Imre utca 11.,8. kerület
8. kerület Benyovszky Móric utca 1/a,8. kerület
Nyíregyháza Bujtos utca,Nyíregyháza
Szeged Zoltán utca,Szeged
7. kerület Dob utca 48.,7. kerület
9. kerület Üllői út 115/b,9. kerület
6. kerület Szondi utca 56.,6. kerület
4. kerület Orgonaliget Lakópark,4. kerület
Baja Roosevelt tér 2.,Baja
13. kerület Göncöl utca,13. kerület
Ózd Géza utca 4.,Ózd
Kozármisleny Viola utca 14.,Kozármisleny
Pécsvárad Vár utca,Pécs
Tárnok Hazatérők útja,Tárnok
6. kerület Király utca 96.,6. kerület
Orosháza Nádasdy utca 3.,Orosháza
Mosonmagyaróvár Steurer József utca 6.,Mosonmagyaróvár
Feldebrő Bajcsy-Zsilinszky út 17.,Feldebrő
Vác Zrínyi Miklós utca,Vác
3. kerület Nánási út 2.,3. kerület
Lábatlan Piszke,Lábatlan
8. kerület Illés utca 12.,8. kerület
Kiskunfélegyháza Horváth Zoltán utca 15.,Kiskunfélegyháza
Makó Bajcsy-Zsilinszky lakótelep 3.,Makó
16. kerület Rákospalotai határút,16. kerület
Debrecen Vasútoldal utca 20-22-24,Debrecen
Debrecen Nyíl utca,Debrecen
11. kerület Etele út 32/B,11. kerület
Tiszaújváros Teleki Blanka út,Tiszaújváros
Szolnok Táncsics Mihály utca,Szolnok
Mezőhegyes Molnár C. Pál lakótelep,Mezőhegyes
2. kerület Ali utca 3.,2. kerület
8. kerület Szilágyi utca,8. kerület
5. kerület Ferenciek tere 3.,5. kerület
Ózd Vasvár út 74.,Ózd
Ózd Vasvár út 80.,Ózd
Ózd Liszt Ferenc utca 27.,Ózd
Nagykovácsi Zsíroshegyalja,Nagykovácsi
Ózd Vasvár út 57.,Ózd
1. kerület Attila út 18.,1. kerület
5. kerület Zoltán utca 7.,5. kerület
Békés Széchenyi tér,Békés
6. kerület Hajós utca 1.,6. kerület
Pécs Zsák utca,Pécs
Balassagyarmat Rákóczi fejedelem út 73.,Balassagyarmat
Balatonlelle Köztársaság utca 36-38.,Balatonlelle
12. kerület Márvány utca 40.,12. kerület
Vértesboglár Dózsa utca 18.,Vértesboglár
8. kerület Kun utca 7.,8. kerület
10. kerület Harmat utca 18.,10. kerület
Debrecen Lahner utca 140.,Debrecen
Pécs Jedlik Ányos utca,Pécs
Adács Akácfa út 36.,Adács
Balassagyarmat Rákóczi fejedelem út 57.,Balassagyarmat
Teskánd Petőfi Sándor utca,Teskánd
Keszthely Mátyás király utca 22.,Keszthely
10. kerület Lámpagyár utca,10. kerület
Szombathely Paragvári utca 51.,Szombathely
Hajdúszoboszló Damjanich utca 47.,Hajdúszoboszló
Edelény Tormás út,Edelény
Szikszó Móra Ferenc utca 60.,Szikszó
5. kerület Régi posta utca 4.,5. kerület
16. kerület Mátyás király utca,16. kerület
Ózd Bolyki főút 31.,Ózd
Hatvan Mártírok útja 4.,Hatvan
Eger Petőfi Sándor utca,Eger
Budaörs Budapesti út,Budaörs
Győr Nagy Imre utca 36.,Győr
Komló Cserma utca 12.,Komló
Debrecen Salétrom utca 28.,Debrecen
Ózd Vasvár út 69.,Ózd
13. kerület Váci út 32.,13. kerület
Gyöngyös Petőfi Sándor utca,Gyöngyös
12. kerület Alkotás utca 7.,12. kerület
Biatorbágy Szabadság út,Biatorbágy
Dabas Szintes utca 2.,Dabas
13. kerület Fay85,13. kerület
Kecskemét Szegedi út 4.,Kecskemét
Táborfalva Tarcsay út 44/C.,Táborfalva
Szihalom Vörösmarty Mihály út 9.,Szihalom
7. kerület Rottenbiller utca 6/a,7. kerület
Nyíregyháza Debreceni út,Nyíregyháza
Kazincbarcika Barátság tér,Kazincbarcika
Szekszárd Magyar Sándor utca,Szekszárd
Sopron Besenyő utca 16.,Sopron
Gyula Pósteleki utca,Gyula
8. kerület Magdolna utca 42.,8. kerület
11. kerület Bocskai út 23.,11. kerület
Csopak Csopaki Family Residence,Csopak
Győr Tarcsay Vilmos utca,Győr
Dombóvár Liliom utca,Dombóvár
Gyula Budapest körút 5700.,Gyula
Zalakaros Gyógyfürdő tér,Zalakaros
Bácsalmás Honvéd utca,Bácsalmás
Győr Tihanyi Árpád út 21.,Győr
6. kerület Eötvös utca 26.,6. kerület
Kecskemét Árpádváros,Kecskemét
Sátorhely Kanizsai Dorottya lakótelep,Sátorhely
5. kerület Vármegye utca 7.,5. kerület
6. kerület Paulay Ede utca 7-9,6. kerület
Siklós Id. Kréth Imre utca 11.,Siklós
Kiskunhalas Ősz utca 2.,Kiskunhalas
16. kerület Bányász utca 14.,16. kerület
Kiskunhalas Hősök tere 4.,Kiskunhalas
Kiskunhalas Kossuth utca,Kiskunhalas
12. kerület Kapitány utca 1.,12. kerület
Hajdúszoboszló Fazekas Mihály dűlő,Hajdúszoboszló
Jászapáti Viola utca,Jászapáti
Hatvan Pázsit utca 5.,Hatvan
Komló Irinyi János utca 1.,Komló
Bátonyterenye Liget út 1.,Bátonyterenye
Gyöngyös Belváros tér,Gyöngyös
Úny Újtelep 25-28,Úny
2. kerület Varsányi udvar,2. kerület
8. kerület Kerepesi út 5.,8. kerület
2. kerület Kapy utca 1.,2. kerület
Kaposvár Szigetvári utca,Kaposvár
Hévíz Vörösmarty utca 3.,Hévíz
Nagyatád Árpád utca 14/B,Nagyatád
Székesfehérvár Pozsonyi út,Székesfehérvár
Kecskemét Vak Bottyán utca,Kecskemét
10. kerület Harmat utca 82.,10. kerület
Csengőd Szabadság utca,Csengőd
4. kerület Vasvári Pál utca 34.,4. kerület
Pécs Havihegy,Pécs
Karancsalja Ságvári út 41.,Karancsalja
Pécs Magaslati út 34.,Pécs
Borota Zrínyi Miklós utca,Borota
7. kerület Izabella utca 13.,7. kerület
Nyíregyháza Újszőlő utca,Nyíregyháza
16. kerület Irha utca,16. kerület
7. kerület Wesselényi utca 9.,7. kerület
9. kerület Erkel utca 13A,9. kerület
14. kerület Fogarasi út 60.,14. kerület
13. kerület Kresz Géza utca 10.,13. kerület
Tata Bartók Béla utca 3.,Tata
Hernádnémeti Munkácsy Mihály utca 29.,Hernád
Hévíz Vörösmarty utca,Hévíz
Székesfehérvár Havranek József utca,Székesfehérvár
13. kerület Gömb utca 48.,13. kerület
Kincsesbánya Kincsesi utca,Kincsesbánya
12. kerület Vércse utca,12. kerület
6. kerület Aradi utca 14.,6. kerület
7. kerület Bethlen Gábor tér,7. kerület
Szeged Francia utca,Szeged
Mezőfalva Velinszky László utca 10.,Mezőfalva
2. kerület Pusztaszeri út 29.,2. kerület
Gölle Dózsa utca 4/a,Gölle
Balatonfűzfő Bugyogóforrás utca 16.,Balatonfűzfő
22. kerület Nagytétényi út 242.,22. kerület
Szolnok Moha utca,Szolnok
Miskolc Szeles utca 9. 3/2,Miskolc
5. kerület Nádor utca 20.,5. kerület
Marcali Gyótapuszta,Marcali
10. kerület Mongol utca,10. kerület
Dorog Hősök tere,Dorog
19. kerület Puskás Ferenc utca,19. kerület
6. kerület Podmaniczky utca 7.,6. kerület
Kalocsa Zrínyi Miklós utca,Kalocsa
Tiszafüred Örvényi út,Tiszafüred
Kaposvár Cukorgyár köz,Kaposvár
Szeged Kígyó utca,Szeged
Érd Gellért utca,Érd
6. kerület Jókai utca 10.,6. kerület
Tamási Nyírfa sor,Tamási
Szécsény Bezerédi út,Szécsény
Szombathely Éhen Gyula tér,Szombathely
4. kerület Sárpatak utca,4. kerület
8. kerület Práter utca 56.,8. kerület
Nagykálló Belváros,Nagykálló
Keszthely Fő tér,Keszthely
Szentgotthárd Hunyadi utca 46.,Szentgotthárd
Hajdúszoboszló Bányász utca 28.,Hajdúszoboszló
13. kerület Taksony utca 11-15,13. kerület
Nyíregyháza Oros,Nyíregyháza
Szolnok Kürt utca,Szolnok
14. kerület Szenttamás utca,14. kerület
Zalakaros Napnyugat köz 1/B,Zalakaros
5. kerület Stollár Béla utca 22.,5. kerület
2. kerület Vérhalom tér,2. kerület
Girincs Kossuth Lajos utca 43.,Girincs
Győr Áchim András utca,Győr
Szolnok Széchenyi István körút,Szolnok
Hévíz Széchenyi utca,Hévíz
Keszthely Fodor utca 42.,Keszthely
Szeged Csongrádi sugárút 66/b,Szeged
18. kerület Gulner Gyula utca 4.,18. kerület
Tatabánya Verebély László utca 3.,Tatabánya
Lenti Kossuth út 3.,Lenti
19. kerület Ady Endre út 97.,19. kerület
Nyíregyháza Ószőlő utca 203.,Nyíregyháza
Nagykanizsa Hunyadi utca 25.,Nagykanizsa
Szeged Kossuth Lajos sugárút 31.,Szeged
Békéscsaba Tolnai utca 2.,Békéscsaba
Felsőzsolca Görgey Artúr utca,Felsőzsolca
Kiskőrös Petőfi Sándor tér,Kiskőrös
Szentendre Szentlászlói út,Szentendre
Abasár Fő út 36.,Abasár
Pécs Esztergár Lajos utca 7.,Pécs
Pécs Árnyas liget 10.,Pécs
Miskolc Középszer utca 82.,Miskolc
Szeged Lengyel utca,Szeged
Tápiógyörgye Katona József utca 66.,Tápiógyörgye
Hajdúböszörmény Polgári utca 9.,Hajdúböszörmény
Várpalota Körmöcbánya utca 7.,Várpalota
14. kerület Kerékgyártó utca 34/b,14. kerület
Kecskemét Erdei Ferenc tér,Kecskemét
Szeged Tisza Lajos utca,Szeged
Békéscsaba Knézich Károly utca 15.,Békéscsaba
10. kerület Szentimrey utca 23/a,10. kerület
Barcs Alsógyörgyös,Barcs
Sopron Mikoviny utca 8.,Sopron
7. kerület Akácfa utca 12-14,7. kerület
Eger Remenyik Zsigmond utca 15.,Eger
10. kerület Gyakorló utca 11.,10. kerület
7. kerület Erzsébet körút 25.,7. kerület
Kiskunfélegyháza Majsai út,Kiskunfélegyháza
Veszprém Hunyadi János utca 38.,Veszprém
8. kerület Szerdahelyi utca 4-8.,8. kerület
Tótkomlós Kossuth Lajos utca 16/A,Tótkomlós
11. kerület Csonttollú utca 7.,11. kerület
Szentes Mátyás király utca 1/1,Szentes
5. kerület Károly körút 26.,5. kerület
Bátonyterenye Madách út,Bátonyterenye
Szentlőrinc Kossuth Lajos utca,Szentlőrinc
Rózsaszentmárton Iskola út 48.,Rózsaszentmárton
1. kerület Gellérthegy utca 3.,1. kerület
Veszprém Csererdei út 13.,Veszprém
Győr Bálint Mihály utca,Győr
4. kerület Baross utca 122.,4. kerület
5. kerület Alkotmány utca 20.,5. kerület
Ercsi Sinatelep,Ercsi
Heves Erkel Ferenc utca,Heves
Bezenye Győr-Moson-Sopron megye,Bezenye
Kecskemét Kápolna utca 5.,Kecskemét
Nyírbátor Munkácsy sétány,Nyírbátor
Szeghalom Bocskai utca 1-3,Szeghalom
8. kerület Vay Ádám utca 5.,8. kerület
8. kerület Hock János utca 8.,8. kerület
12. kerület Hegyalja út 85.,12. kerület
Miskolc Felsőruzsin,Miskolc
Győr Táncsics Mihály utca 15.,Győr
11. kerület Fehérvári út 24.,11. kerület
Teskánd Aquamarin lakópark,Teskánd
Pécsudvard Széchenyi utca,Pécs
7. kerület Klauzál utca 29.,7. kerület
Hajdúszoboszló Kereszt utca 7.,Hajdúszoboszló
14. kerület Erzsébet királyné útja 95/c,14. kerület
Jászapáti Budai utca,Jászapáti
Kaposvár 48-as ifjúság útja 7-,Kaposvár
Szeged Népkert sor 2.,Szeged
Balatonfüred Deák Ferenc utca 17.,Balatonfüred
Szeged Röszkei utca 3.,Szeged
Kazincbarcika Szabadság tér 1.,Kazincbarcika
Eger Hontalan utca,Eger
Ruzsa Tanya,Ruzsa
Orosháza Juhász Gyula utca,Orosháza
Csokvaomány Köztársaság út 19.,Csokvaomány
Törökbálint Széchenyi tér,Törökbálint
5. kerület Báthory utca 19.,5. kerület
Kiskunfélegyháza Szegfű utca 2.,Kiskunfélegyháza
Pusztaszabolcs Fejér megye,Pusztaszabolcs
Székesfehérvár Cserepes köz,Székesfehérvár
Szolnok Szántó körút 43.,Szolnok
Dunakeszi Dr. Tamás Győző utca,Dunakeszi
Győr Buda utca,Győr
Baja Bethlen Gábor utca,Baja
Tapolca Rákóczi Ferenc utca 3.,Tapolca
2. kerület Rómer Flóris utca 34.,2. kerület
13. kerület Bodor utca 2.,13. kerület
Rásonysápberencs Dózsa György út,Rásonysápberencs
Kistarcsa Nyíltárok út 21/d,Kistarcsa
Nyírvasvári Gebei utca 10.,Nyírvasvári
Bazsi Béke utca 4.,Bazsi
8. kerület Csepreghy utca,8. kerület
Bazsi Jókai utca 54.,Bazsi
11. kerület Beregszász út 8.,11. kerület
Kecel Páfrány utca,Kecel
Komló Vörösmarty Mihály utca 39.,Komló
Eger Deák Ferenc utca,Eger
Komló Tompa Mihály utca 5.,Komló
Répcelak Tatay Sándor utca,Répcelak
Hort Rákóczi Ferenc út,Hort
Oroszlány Óváros,Oroszlány
Nyíregyháza Luther utca,Nyíregyháza
14. kerület Columbus utca 69.,14. kerület
Komló Alkotmány utca 28.,Komló
13. kerület Felka utca,13. kerület
Mogyoród Nefelejcs utca,Mogyoród
7. kerület István utca 41-43,7. kerület
3. kerület Pozsonyi utca,3. kerület
Mór Velegi út,Mór
Nagykanizsa Nyírfa utca,Nagykanizsa
Fehérgyarmat Május 14. tér,Fehérgyarmat
Kunhegyes Rákóczi utca 10-14,Kunhegyes
Salgótarján Gorkij körút 23.,Salgótarján
Üllő Papp László utca,Üllő
Szolnok Bercsényi utca 16.,Szolnok
13. kerület Futár utca 37/b,13. kerület
9. kerület Ráday utca 34.,9. kerület
Miskolc Bajcsy-Zsilinszky út 10.,Miskolc
3. kerület Haránt utca,3. kerület
Fót Szent Benedek park 9.,Fót
17. kerület Ferihegyi út 84.,17. kerület
Monor Móricz Zsigmond utca 25.,Monor
Nyíregyháza Zrínyi Ilona utca,Nyíregyháza
6. kerület Szondi utca 27.,6. kerület
12. kerület Szoboszlai utca 17.,12. kerület
Pécs Enyezd út 4.,Pécs
Dunakeszi Lehel utca,Dunakeszi
14. kerület Thököly út 150.,14. kerület
Hódmezővásárhely Andrássy út 4.,Hódmezővásárhely
7. kerület Király utca 91.,7. kerület
Vecsés Lőrinci utca 55.,Vecsés
Tótkomlós Kodály Zoltán utca,Tótkomlós
15. kerület PALOTÁS KERT,15. kerület
3. kerület Dévai Bíró Mátyás tér,3. kerület
Balatongyörök Eötvös Károly utca 4.,Balatongyörök
2. kerület Szilágyi Erzsébet fasor 5.,2. kerület
Nyírbátor Bajcsy-Zsilinszky utca 2.,Nyírbátor
Tóalmás Fő utca 139/b,Tóalmás
Hatvan Radnóti tér,Hatvan
Zalahaláp Szőlőhegy,Zalahaláp
Budaörs Új Bokréta Ház Budaörs,Budaörs
Enying Fejér megye,Enying
Miskolc Lévay József utca,Miskolc
Biatorbágy Baross Gábor utca,Biatorbágy
13. kerület Visegrádi utca 8.,13. kerület
Balatonkenese Városközpont,Balatonkenese
Hajdúsámson Alkotmány utca 16/a,Hajdúsámson
Debrecen Tócóvölgyi lakótelep,Debrecen
Pécs Athinay utca,Pécs
Tiszakécske Szent Imre tér 3.,Tiszakécske
18. kerület Krepuska Géza sétány,18. kerület
3. kerület Ágoston utca 3.,3. kerület
8. kerület Szigony utca 1.,8. kerület
13. kerület Csongor utca,13. kerület
13. kerület Hollán Ernő utca 8.,13. kerület
Dorog Mária út,Dorog
Bicske Kossuth utca,Bicske
Bogács Kossuth utca 42.,Bogács
Szombathely Hadnagy utca,Szombathely
Hajdúhadház Festő utca 10/A,Hajdúhadház
Alsóörs Csokonai utca 30.,Alsóörs
Alsóörs Csokonai utca,Alsóörs
9. kerület Víztorony köz,9. kerület
6. kerület nincs megadva,6. kerület
Hejőkürt Kossuth utca 13.,Hejőkürt
Debrecen Gyepűsor utca,Debrecen
Kiskunfélegyháza Deák Ferenc utca,Kiskunfélegyháza
Balkány Széchenyi utca 51.,Balkány
Székesfehérvár Mészöly Géza utca 1.,Székesfehérvár
6. kerület Teréz körút 37.,6. kerület
Pécs Donátusi út,Pécs
4. kerület Latabár Kálmán utca 15.,4. kerület
Szeged Hópárduc utca,Szeged
Csopak Rozmaring utca,Csopak
Mátraderecske Széchenyi István utca 10.,Mátraderecske
Makó Úri utca,Makó
13. kerület Fáklya utca 4.,13. kerület
Békéscsaba Kazinczy utca 18.,Békéscsaba
7. kerület Alpár utca,7. kerület
Hajdúszoboszló Hőgyes utca 16.,Hajdúszoboszló
Debrecen Kender utca,Debrecen
14. kerület Zsálya utca 53-55,14. kerület
18. kerület Kappel Emília utca,18. kerület
Komló Bányász utca,Komló
Debrecen Füredi út 7.,Debrecen
11. kerület Tűzkő utca,11. kerület
Harsány Borsod-Abaúj-Zemplén megye,Harsány
Oroszlány Takács Imre utca,Oroszlány
Jánoshalma Móra Ferenc utca 14.,Jánoshalma
Szécsény Mindszenty József tér 6/A,Szécsény
Tatabánya Turul utca,Tatabánya
Szeged Móra utca 14.,Szeged
Székesfehérvár Arany János utca,Székesfehérvár
Kaposfő Dózsa György utca 33/A,Kaposfő
Mátészalka Alkotmány út,Mátészalka
8. kerület Bláthy Ottó utca 42.,8. kerület
Szentes Páva utca,Szentes
11. kerület Bogyó utca 3.,11. kerület
Siófok Beszédes József sétány 9.,Siófok
Sátoraljaújhely Kazinczy utca 9.,Sátoraljaújhely
Keszthely Fenyves utca,Keszthely
Sajószentpéter Móra-lakótelep,Sajószentpéter
6. kerület Teréz körút 48.,6. kerület
Apaj Zápor utca,Apaj
Baja Déri Frigyes sétány 4. 5/505.,Baja
Rétság Radnóti utca,Rétság
Dunaújváros Lajos király körút,Dunaújváros
Őrbottyán Pest megye,Őrbottyán
Pécs Köztársaság tér,Pécs